company_name,company_number,category,website,
Pinkbeauty,+7 (921) 601-22-99,Салоны красоты,https://pinkbeauty.su/,череповец
Беллиссимо,+7 (8202) 57-61-19,Салоны красоты,[],череповец
Студия красоты Светланы Басковой,+7 (921) 537-63-88,Салоны красоты,[],череповец
Слэш,+7 (921) 145-80-10,Салоны красоты,[],череповец
Центр аппаратной косметологии Формула красоты,+7 (8202) 57-05-05,Косметология,[],череповец
Астория,+7 (921) 252-20-68,Салоны красоты,[],череповец
Салон красоты,+7 (8202) 61-00-04,Салоны красоты,[],череповец
Салон красоты Аквамарин,+7 (8202) 28-94-70,Салоны красоты,[],череповец
Флэш,+7 (8202) 55-04-23,Салоны красоты,[],череповец
Beauty Studio,+7 (964) 673-36-37,Салоны красоты,[],череповец
BESTиЯ,+7 (921) 717-65-12,Салоны красоты,[],череповец
Студия красоты Нюанс,+7 (981) 505-22-10,Салоны красоты,[],череповец
Beauty Time,+7 (911) 505-70-01,Салоны красоты,[],череповец
Май,+7 (8202) 28-64-65,Салоны красоты,[],череповец
Персона,+7 (8202) 62-05-35,Салоны красоты,[],череповец
No Name,+7 (963) 731-02-43,Салоны красоты,https://taplink.cc/no.nameee_35,череповец
Jonny-Gun's Barbershop,+7 (8202) 74-00-75,Салоны красоты,[],череповец
Beauty Room,+7 (8202) 62-52-35,Салоны красоты,[],череповец
Июль,+7 (900) 508-14-18,Салоны красоты,[],череповец
Gudini,+7 (8202) 60-41-14,Салоны красоты,[],череповец
Grimerka,+7 (996) 512-99-96,Салоны красоты,https://grimerka-che.vsite.biz/,череповец
Эдем Премиум,+7 (8202) 52-56-25,Салоны красоты,[],череповец
Мишель,+7 (8202) 24-28-06,Салоны красоты,[],череповец
Вернисаж,+7 (8202) 57-41-47,Салоны красоты,[],череповец
Агами,+7 (911) 505-19-12,Салоны красоты,[],череповец
Европа,+7 (8202) 28-19-79,Салоны красоты,[],череповец
Модный дворик,+7 (8202) 73-22-55,Салоны красоты,[],череповец
Грация,+7 (921) 061-00-08,Фитнес-клубы,[],череповец
Бьюти клаб,+7 (911) 521-97-91,Салоны красоты,[],череповец
Северные Афины,+7 (963) 355-52-79,Салоны красоты,[],череповец
Джаз,+7 (8202) 54-12-06,Салоны красоты,[],череповец
BeautyLab Secret,+7 (8202) 60-76-08,Салоны красоты,[],череповец
Maestro,+7 (953) 505-80-90,Салоны красоты,[],череповец
Манхэттен,+7 (8202) 60-10-03,Салоны красоты,[],череповец
Парикмахерская KornetovaStudio,+7 (911) 505-08-07,Парикмахерские,[],череповец
Vardes,+7 (911) 518-77-38,Салоны красоты,[],череповец
Beauty house Pear,+7 (900) 530-53-57,Салоны красоты,[],череповец
Салон красоты,+7 (953) 504-04-01,Салоны красоты,https://dikidi.net/329977,череповец
Лайм,+7 (8202) 60-42-46,Парикмахерские,[],череповец
Тут стригут,+7 (964) 303-75-66,Парикмахерские,[],череповец
Салон красоты Александры Балаян,+7 (8202) 60-61-09,Салоны красоты,[],череповец
Золотая стрекоза,+7 (921) 253-28-00,Салоны красоты,[],череповец
Лябом,+7 (8202) 24-76-76,Салоны красоты,[],череповец
Easy slip,+7 (960) 017-46-44,"Эпиляция, депиляция",https://lasereasychrp.taplink.ws/,череповец
Karamelka,+7 (921) 542-27-80,Шугаринг,https://dikidi.net/1290778,череповец
Lak nails & beauty,+7 (931) 507-63-91,Ногтевые студии,https://taplink.cc/lak_nails_beauty35,череповец
Laser Love,+7 (965) 737-35-55,"Эпиляция, депиляция",[],череповец
Аригато,+7 (911) 506-00-16,Парикмахерские,[],череповец
Labutina,+7 (8202) 74-22-61,Салоны красоты,[],череповец
Грива,+7 (953) 517-42-14,Салоны красоты,[],череповец
Seven studio,+7 (921) 822-38-81,Салоны красоты,[],череповец
Chili,+7 (981) 449-83-83,Салоны красоты,https://chili-form.ru/,череповец
Beauty Location,+7 (996) 513-05-12,Салоны красоты,[],череповец
Brush_studio35,+7 (996) 309-00-67,Салоны красоты,[],череповец
A’m Studio,+7 (951) 733-19-75,Салоны красоты,[],череповец
Slim Beauty,+7 (981) 440-36-88,Массажисты,http://slimbeautyche.ru/,череповец
Виола Стиль,+7 (8202) 20-16-74,Салоны красоты,[],череповец
Магия волос,+7 (8202) 54-11-00,Салоны красоты,[],череповец
VIA,+7 (962) 666-80-38,Салоны красоты,[],череповец
Океания,+7 (8202) 57-00-88,Салоны красоты,[],череповец
Испания,+7 (911) 505-51-35,Спа-салоны,http://35spa.ru/,череповец
Преслайф,+7 (921) 544-40-40,Косметология,[],череповец
Lara Style,+7 (8202) 54-59-49,Парикмахерские,[],череповец
Лазер Лав,+7 (962) 666-02-02,"Эпиляция, депиляция",[],череповец
Парикмахерская,+7 (8202) 60-22-93,Салоны красоты,[],череповец
Гримерка,+7 (964) 305-77-80,Салоны красоты,[],череповец
Mt nails studio,+7 (963) 353-55-16,Салоны красоты,[],череповец
Лара Стайл,+7 (960) 291-56-64,Парикмахерские,[],череповец
Цукерла,+7 (921) 685-00-04,Салоны красоты,[],череповец
ProBlond,+7 (995) 447-52-43,Салоны красоты,[],череповец
Студия красоты Глянец,+7 (981) 425-33-39,Салоны красоты,[],череповец
Fact Studio,+7 (996) 309-92-98,Салоны красоты,[],череповец
Салон-парикмахерская Шик,+7 (8202) 61-03-99,Салоны красоты,[],череповец
Shine,+7 (900) 560-04-65,Салоны красоты,[],череповец
Laseretty,+7 (921) 821-20-00,"Эпиляция, депиляция",https://mrqz.me/66a9283173ccf70026f868cb,череповец
Мастерская красоты,+7 (999) 791-40-21,Салоны красоты,[],череповец
Мона Лиза,+7 (953) 515-88-19,Парикмахерские,[],череповец
Секреты Молодости,+7 (921) 723-96-78,Салоны красоты,[],череповец
VIP Style,+7 (911) 512-17-07,Салоны красоты,[],череповец
Твой образ,+7 (8202) 62-86-57,Парикмахерские,[],череповец
Перманентный макияж Любовь Васильева,+7 (981) 441-03-11,Студии перманентного макияжа,https://permanentnyj-makijazh-ljubov.clients.site/,череповец
Студия дизайна бровей,+7 (960) 296-28-14,Салоны бровей и ресниц,https://beauty.dikidi.net/record/89427,череповец
Виктория,+7 (8202) 62-59-26,Парикмахерские,[],череповец
Центр,+7 (900) 507-38-75,Салоны красоты,[],череповец
Beauty touch studio,+7 (951) 747-97-47,Салоны красоты,[],череповец
L. V. Beauty,+7 (906) 294-20-48,Салоны красоты,[],череповец
Венера,+7 (981) 427-10-63,Салоны красоты,https://venera-salon.ru/?utm_source=yandex_maps,череповец
Антураж,+7 (900) 540-05-31,Салоны красоты,[],череповец
Beauty secret,+7 (921) 145-10-02,Салоны красоты,[],череповец
More,+7 (965) 737-73-03,Салоны красоты,[],череповец
Анна,+7 (921) 149-44-70,Салоны красоты,[],череповец
Студия красоты Облака,+7 (921) 138-10-15,Салоны красоты,[],череповец
Muahstudio,+7 (953) 501-70-33,Салоны красоты,http://muahstudio.tilda.ws/,череповец
Perfect studio,+7 (900) 500-60-07,Салоны красоты,[],череповец
Berezovskaya,+7 (900) 508-69-03,Салоны красоты,[],череповец
Sunny afro,+7 (905) 296-58-16,Салоны красоты,[],череповец
LPG,+7 (911) 443-23-31,Салоны красоты,https://dikidi.net/501347,череповец
Микроблейдинг,+7 (964) 670-28-55,Салоны красоты,[],череповец
Luna,+7 (8202) 63-06-08,Салоны красоты,[],череповец
Салон красоты Constant,+7 (962) 669-81-67,Салоны красоты,[],череповец
N & K beauty,+7 (900) 542-31-98,Салоны красоты,[],череповец
Люкс,+7 (911) 443-53-00,Салоны красоты,[],череповец
Simetria,+7 (953) 520-26-20,Салоны красоты,[],череповец
Студия маникюра,+7 (921) 060-59-51,Ногтевые студии,[],череповец
Flamingo,+7 (921) 251-46-82,Салоны красоты,[],череповец
"Студия Кератин, Ботокс",+7 (905) 298-92-50,Салоны красоты,[],череповец
Beauty zone,+7 (911) 547-66-66,Салоны красоты,[],череповец
Мастерская Лебедевой Яны,+7 (921) 257-58-97,Салоны красоты,https://mst.link/lebedevayananail,череповец
Карина Кератин,+7 (964) 661-64-51,Салоны красоты,[],череповец
White&Smile,+7 (911) 541-49-53,Салоны красоты,[],череповец
Студия Перманентного макияжа Юлии Мальцевой,+7 (900) 532-53-16,Салоны красоты,[],череповец
Шугаринг,+7 (911) 045-07-53,Салоны красоты,[],череповец
Творческая мастерская,+7 (911) 505-28-96,Стилисты,[],череповец
Безе,+7 (928) 455-05-24,Салоны красоты,[],череповец
Life stil,+7 (921) 543-83-51,Косметология,[],череповец
Апарт-отель Череповец,+7 (8202) 20-11-55,Гостиницы,https://cherepovets.sz35.ru/,череповец
Гостиница Ленинград,+7 (8202) 30-24-12,Гостиницы,[],череповец
Скандинавия,+7 (8202) 55-28-88,Гостиницы,http://www.hotel-scandinavia.ru/,череповец
Весна,+7 (921) 057-56-50,Гостиницы,http://vesna35.ru/,череповец
Александровский,+7 (921) 132-83-93,Гостиницы,http://alekshotel.sz35.ru/,череповец
Северные зори,+7 (8202) 28-00-33,Гостиницы,https://severnyezori.sz35.ru/,череповец
Ампаро,+7 (8202) 50-08-08,Гостиницы,https://hotel-amparo.ru/,череповец
Глобус,+7 (8202) 55-80-68,Гостиницы,http://35hotel.ru/,череповец
АРТ-Отель,+7 (8202) 50-63-06,Гостиницы,http://hotelvcenter.ru/,череповец
Единство,+7 (8202) 25-45-72,Гостиницы,https://edinstvohotel.ru/,череповец
МашБах,+7 (8202) 30-20-36,Гостиницы,[],череповец
Рэд Стрит,+7 (921) 252-94-88,Гостиницы,http://отель-редстрит.рф/,череповец
Люксембург,+7 (931) 517-37-38,Гостиницы,https://luxembourghotel.ru/,череповец
Ленинградский,+7 (8202) 67-60-00,Гостиницы,https://bookonline24.ru/apart-otel-leningradskij?adultsCount=2&fromDate=28.01.2025&t=1737723439542&toDate=30.01.2025,череповец
Галерея,+7 (931) 526-20-00,Гостиницы,[],череповец
Град Отель,+7 (931) 507-92-21,Гостиницы,http://gradhotel.com/,череповец
Виктория,+7 (8202) 57-01-80,Гостиницы,http://35hotel.ru/victoria,череповец
На Набережной,+7 (909) 596-70-64,Гостиницы,[],череповец
Астор,+7 (8202) 25-13-40,Гостиницы,[],череповец
Усадьба,+7 (921) 252-19-63,Гостиницы,[],череповец
Азалия,+7 (921) 254-22-06,Гостиницы,[],череповец
Elka Haus,+7 (921) 250-12-37,Гостиницы,https://elkahaus.com/,череповец
LaVilla,+7 (953) 511-10-01,Гостиницы,[],череповец
Живи уютно на улице Максима Горького 3,+7 (921) 252-68-55,Гостиницы,http://livecomfortably.ru/,череповец
Апартаменты на Ленина 132,+7 (960) 299-33-99,Гостиницы,http://2pillows-cher.ru/,череповец
Апартаменты на Проспекте Победы,+7 (963) 353-33-35,Гостиницы,[],череповец
Апартаменты на Рыбинской 62,+7 (960) 299-33-99,Гостиницы,http://2pillows-cher.ru/,череповец
Апартаменты на Гагарина 39,+7 (960) 299-33-99,Гостиницы,http://2pillows-cher.ru/,череповец
Апартаменты на Раахе 58б,+7 (960) 299-33-99,Гостиницы,http://2pillows-cher.ru/,череповец
Апартаменты на Рыбинской 58,+7 (960) 299-33-99,Гостиницы,http://2pillows-cher.ru/,череповец
Best Home,+7 (909) 596-26-75,Гостиницы,http://best-home.clients.site/,череповец
Стриж,+7 (921) 530-85-35,Гостиницы,[],череповец
АртАпарт,+7 (921) 255-57-51,Гостиницы,[],череповец
Апартаменты Набережная 33,+7 (921) 057-83-84,Гостиницы,[],череповец
Уютные и комфортные апартаменты,+7 (909) 596-66-84,Гостиницы,[],череповец
Апартаменты Победы 53,+7 (921) 057-83-84,Гостиницы,[],череповец
Апартаменты на Улице Комсомольской,+7 (931) 513-32-90,Гостиницы,[],череповец
Апартаменты на Менделеева 10,+7 (921) 534-47-33,Гостиницы,[],череповец
Апартаменты Живи Уютно в новом доме,+7 (931) 511-54-02,Гостиницы,[],череповец
Апартаменты Живи Уютно с комфортом,+7 (931) 511-54-02,Гостиницы,[],череповец
Апартаменты Две подушки с дизайнерским ремонтом,+7 (960) 299-33-99,Гостиницы,[],череповец
Апартаменты Октябрьский 49,+7 (921) 534-47-33,Гостиницы,[],череповец
Турецкая сауна,+7 (8202) 58-25-25,Сауны,[],череповец
Апартаменты Две подушки для тихого отдыха,+7 (960) 299-33-99,Гостиницы,[],череповец
Апартаменты Живи Уютно в Современном Районе,+7 (931) 511-54-02,Гостиницы,[],череповец
Апартаменты Живи Уютно у Ягорбы,+7 (931) 511-54-02,Гостиницы,[],череповец
Живи уютно у Северсталь,+7 (931) 511-54-02,Жильё посуточно,[],череповец
Живи уютно на улице Раахе 56,+7 (931) 511-54-02,Жильё посуточно,[],череповец
Апартаменты Две подушки у жд и авто вокзала,+7 (960) 299-33-99,Жильё посуточно,[],череповец
XService35,+7 (8202) 60-76-09,Автосервисы,[],череповец
Бизонмоторс,+7 (8202) 60-50-90 (доб. 605060),Автосервисы,https://бизонмоторс35.рф/,череповец
М40,+7 (8202) 54-56-45,Автосервисы,[],череповец
ИнтерАвто,+7 (921) 253-25-55,Автосервисы,https://vk.link/interauto35,череповец
Syndicat,+7 (900) 550-76-30,Автосервисы,http://www.syndicat.pro/,череповец
Азарт-Автостиль,+7 (8202) 26-74-78,Автосервисы,[],череповец
Автосервис Маяк,+7 (8202) 52-01-86,Автосервисы,https://маяк38.рф/,череповец
Автосервис104,+7 (921) 252-11-68,Автосервисы,[],череповец
Автоцентр на Судостроительной,+7 (8202) 20-58-93,Автосервисы,https://opt490.wixsite.com/autocenter8,череповец
Гилез Авто,+7 (8202) 55-24-50,Автосигнализация,[],череповец
Osm Motors,+7 (8202) 61-01-03,Автосервисы,[],череповец
Автотехсервис,+7 (921) 052-63-62,Автосервисы,[],череповец
Автосервис 35,+7 (8202) 54-66-45,Ремонт двигателей,[],череповец
Remontavto_che,+7 (921) 127-80-22,Автосервисы,[],череповец
М2А-сервис,+7 (921) 054-10-01,Автосервисы,[],череповец
PROсто,+7 (8202) 63-16-63,Автосервисы,[],череповец
Caready,+7 (8202) 20-13-64,Автосервисы,https://caready.ru/,череповец
Автосервис,+7 (981) 427-20-99,Автосервисы,https://avtoservis-na-milyutina.ru/?utm_source=yandex_maps,череповец
Lego Avto,+7 (921) 130-37-10,Кузовной ремонт,[],череповец
Райдер Авто,+7 (8202) 73-32-33,Автосервисы,https://rider-auto.ru/,череповец
Автосервис 35,+7 (8202) 64-20-20,Автосервисы,[],череповец
На Московском,+7 (8202) 29-30-40,Автосервисы,[],череповец
Альянс,+7 (8202) 52-00-72,Автосервисы,[],череповец
Мастерская выхлопных систем,+7 (921) 252-32-09,Автосервисы,[],череповец
СеверЧип,+7 (999) 528-54-95,Автосервисы,http://vk.link/severchip,череповец
Локомотив,+7 (8202) 63-53-75,Автосервисы,[],череповец
Лидер,+7 (911) 505-22-28,Автосервисы,http://podveska-chrp.ru/,череповец
СТО Автолидер,+7 (921) 052-54-52,Автосервисы,[],череповец
Гур35,+7 (8202) 73-05-30,Автосервисы,http://gur35.ru/,череповец
ProCTOservis,+7 (8202) 62-66-99,Автосервисы,[],череповец
СТО Каскад,+7 (911) 444-45-88,Автосервисы,[],череповец
Автодоктор плюс,+7 (921) 723-05-42,Кузовной ремонт,https://autodoktor35.ru/,череповец
"Профильный сервис Киа, Хэндай",+7 (911) 518-06-26,Автосервисы,[],череповец
Автосервис,+7 (8202) 59-64-13,Автосервисы,[],череповец
Фрэш,+7 (8202) 62-61-97,Автосервисы,https://fresh-servis.ru/,череповец
Автостекло 35,+7 (8202) 54-38-74,Автосервисы,[],череповец
Автодепо,+7 (981) 500-77-77,Автосервисы,[],череповец
Nord Auto,+7 (8202) 62-54-70,Автосервисы,[],череповец
Глушители-Катализаторы,+7 (921) 146-50-05,Автосервисы,[],череповец
Автосервис,+7 (8202) 62-87-30,Автосервисы,[],череповец
Шиномонтаж,+7 (8202) 54-35-00,Автосервисы,[],череповец
СТО Автосервис,+7 (8202) 54-08-19,Автосервисы,[],череповец
Чип и Выхлоп,+7 (921) 135-38-01,Автосервисы,[],череповец
Сход-развал,+7 (8202) 62-14-18,Автосервисы,[],череповец
Fix35,+7 (921) 252-62-46,Автосервисы,http://fix35.ru/,череповец
Автобувка,+7 (962) 666-73-33,Шиномонтажи,http://avtobuvka.ru/,череповец
РКлуб,+7 (8202) 64-64-10,Автосервисы,http://rclub35.ru/,череповец
Техноспас,+7 (951) 745-04-61,Автосервисы,[],череповец
Жёлтый запорожец,+7 (8202) 54-95-49,Автосервисы,[],череповец
Автосервис,+7 (953) 506-48-62,Автосервисы,[],череповец
Автосервис Димон,+7 (921) 252-55-53,Автосервисы,http://автосервис-череповец.рф/,череповец
Автосервис у Вокзала,+7 (921) 685-94-34,Автосервисы,[],череповец
Технологика,+7 (911) 505-11-10,Автосервисы,https://technonw.ru/,череповец
Challenger,+7 (905) 535-27-35,Автосервисы,[],череповец
"Автосервис, автотехцентр",+7 (8202) 54-13-21,Автосервисы,[],череповец
Автосервис,+7 (905) 297-40-52,Автосервисы,[],череповец
Автоцентр на Гоголя,+7 (921) 051-80-86,Автосервисы,[],череповец
Бим-авто,+7 (8202) 63-20-44,Автосервисы,[],череповец
Автотрансформер,+7 (8202) 61-19-19,Автосервисы,http://автотрансформер35.рф/,череповец
Автоэлектрик,+7 (8202) 73-85-85,Автосервисы,[],череповец
Центр ремонта грузовиков,+7 (921) 054-55-00,Автосервисы,http://crg-truckservice.ru/,череповец
Автотрек,+7 (8202) 28-83-75,Автосервисы,[],череповец
Сход-развал35.рф,+7 (929) 123-00-02,Автосервисы,https://сходразвал35.рф/,череповец
СТО на Северном,+7 (921) 050-55-25,Автосервисы,[],череповец
Гараж 52,+7 (921) 133-71-11,Автосервисы,[],череповец
Сход-развал,+7 (921) 252-60-38,Автосервисы,[],череповец
ShamanAvto,+7 (911) 518-31-11,Автосервисы,[],череповец
Р3-Сервис,+7 (921) 253-53-00,Автосервисы,[],череповец
Автодива,+7 (921) 723-41-70,Автосервисы,http://autodiva-group.ru/,череповец
СпецКарданВал,+7 (8202) 64-48-30,Автосервисы,http://spcardanval.ru/,череповец
Автосервис,+7 (921) 050-12-36,Автосервисы,[],череповец
Антикор СТО Друзей,+7 (921) 834-38-44,Автосервисы,https://antikor-sto.clients.site/,череповец
СТО Здесь,+7 (911) 518-78-78,Автосервисы,[],череповец
Volkswagen,+7 (8202) 25-33-49,Автосалоны,https://bit.ly/3lDPYG1,череповец
Лидер детали иномарок,+7 (8202) 45-00-45,Автомагазины,http://лидер35.рф/,череповец
Мотор-Авто,+7 (911) 047-76-27,Автосервисы,http://www.prochip35.ru/,череповец
Алекс Авто,+7 (8202) 60-02-22,Автосервисы,[],череповец
Subaru Club,+7 (8202) 54-51-80,Автосервисы,https://subaru-club35.ru/,череповец
Автосервис,+7 (921) 146-13-93,Автосервисы,[],череповец
Реносервис,+7 (921) 540-70-15,Автосервисы,[],череповец
ТехАвтоСтиль,+7 (996) 513-13-15,Кузовной ремонт,[],череповец
Vint,+7 (911) 505-36-00 (доб. 603600),Автосервисы,https://vint.clients.site/,череповец
RemZona Сервис,+7 (960) 290-01-71,Автосервисы,http://remzona-servis.clients.site/,череповец
ГазТормоз,+7 (999) 261-22-01,Автосервисы,[],череповец
Деталькин,+7 (900) 501-90-61,Автосервисы,[],череповец
Автомах35,+7 (8202) 60-43-60,Автосервисы,[],череповец
Авто-выхлоп,+7 (901) 179-65-44,Автосервисы,[],череповец
Ast,+7 (962) 670-51-17,Автосервисы,[],череповец
F1,+7 (921) 254-52-52,Автосервисы,[],череповец
LoudMaster,+7 (911) 519-70-37,Автосервисы,[],череповец
Автосервис Ю,+7 (921) 541-06-70,Автосервисы,[],череповец
Рем Зона,+7 (953) 507-77-72,Автосервисы,[],череповец
Автосервис,+7 (921) 723-34-95,Автосервисы,[],череповец
Last Hope,+7 (8202) 64-48-78,Автосервисы,[],череповец
Автосервис Безымянный,+7 (953) 505-38-88,Автосервисы,[],череповец
Автосервис,+7 (921) 054-28-90,Автосервисы,[],череповец
Автосервис-Форвард,+7 (909) 596-40-41,Автосервисы,[],череповец
Такси-Сервис Плюс,+7 (8202) 61-11-60,Автосервисы,[],череповец
Сфера,+7 (911) 518-00-71,Ремонт грузовых автомобилей,https://sferaautoservis.ru/,череповец
Автоцентр35,+7 (8202) 29-71-52,Автосервисы,https://avtocentr35.ru/,череповец
"Автосервис, автотехцентр",+7 (951) 748-98-75,Автосервисы,[],череповец
Авторемонт,+7 (921) 052-76-66,Автосервисы,[],череповец
SychAuto,+7 (921) 732-03-67,Автосервисы,[],череповец
Автоэлектрик № 1,+7 (921) 252-13-99,Автосервисы,[],череповец
АвтоСТОп,+7 (921) 257-27-28,Автосервисы,[],череповец
Автопрестиж 35,+7 (931) 357-78-71,Автосервисы,[],череповец
Шиномонтаж 24+,+7 (900) 546-62-21 (доб. Автосервис),Автосервисы,[],череповец
Пегас,+7 (8202) 64-20-72,Автосервисы,[],череповец
Народный гараж,+7 (921) 252-14-44,Автосервисы,https://narodnyi-evakuator35.ru/,череповец
Chtkmotors.com,+7 (921) 541-97-98,Автосервисы,[],череповец
Про-Авто,+7 (8202) 60-26-07,Автосервисы,[],череповец
"Автосервис, автотехцентр",+7 (911) 517-47-70,Автосервисы,[],череповец
Tsr,+7 (960) 294-62-39,Автосервисы,[],череповец
Vag services,+7 (953) 504-04-85,Автосервисы,http://vagservices.mya5.ru/,череповец
V-service,+7 (921) 543-82-24,Автосервисы,[],череповец
У Андрея,+7 (8202) 62-42-23,Пункты техосмотра,[],череповец
StopRide,+7 (981) 449-43-03,Автосервисы,[],череповец
K. Workshop35,+7 (999) 260-29-20,Автосервисы,[],череповец
TrustAuto,+7 (900) 537-18-56,Автосервисы,[],череповец
ТишинJLR,+7 (981) 440-50-60,Автосервисы,[],череповец
К-сервис,+7 (8202) 63-65-70 (доб. 1),Автосервисы,http://www.камаз35.рф/,череповец
Центр смазочных материалов,+7 (8202) 54-02-00 (доб. 1),Смазочные материалы,https://smazka35.ru/,череповец
Автосервис Автозапчасти,+7 (900) 504-13-21,Автосервисы,[],череповец
Авто Доктор,+7 (921) 547-60-60,Автосервисы,[],череповец
Развал Схождение,+7 (921) 546-45-80,Автосервисы,[],череповец
Центр Автостекла,+7 (8202) 60-41-10,Автосервисы,[],череповец
Best auto service,+7 (921) 686-94-56,Автомагазины,[],череповец
Sale Dip Service,+7 (8202) 60-52-00,Кузовной ремонт,[],череповец
Шиномонтаж,+7 (911) 518-38-83,Шиномонтажи,[],череповец
ХотШин,+7 (911) 505-71-07,Шиномонтажи,https://hotshin.ru/,череповец
Асто,+7 (921) 252-97-29,Автосервисы,http://asto-1655457571.clients.site/,череповец
Евроавто 35,+7 (8202) 73-33-37,Автомагазины,[],череповец
Vag Club,+7 (953) 513-13-06,Автосервисы,[],череповец
Nagogolya,+7 (900) 505-28-55,Шиномонтажи,http://www.nagogolya.ru/,череповец
Пуск,+7 (921) 541-08-81,Автосервисы,[],череповец
ХотШин,+7 (911) 505-21-02,Шиномонтажи,https://hotshin.ru/,череповец
Автосервис Puzanoff Repair,+7 (921) 723-01-79,Автосервисы,[],череповец
PitStop,+7 (8202) 62-80-22,Автосервисы,[],череповец
Антикоррозийная Обработка Авто,+7 (900) 550-76-01,Нанесение покрытий,[],череповец
Сфера,+7 (921) 545-11-01,Шиномонтажи,https://sferaautoservis.ru/shinomontazh,череповец
Best Auto,+7 (953) 520-50-45,Автомагазины,[],череповец
Garage,+7 (981) 443-83-36,Кузовной ремонт,[],череповец
Radius,+7 (8202) 74-74-70,Автосервисы,[],череповец
Auto Lux Череповец,+7 (8202) 62-97-91,Кузовной ремонт,[],череповец
Кузов-ремонт,+7 (921) 254-42-44,Кузовной ремонт,[],череповец
Дизельный цех ВолДиз,+7 (900) 500-82-48,Автосервисы,[],череповец
Mitsubishi Динамика,+7 (8202) 20-26-86,Автосалоны,https://dynamica35.ru/mitsubishi?utm_campaign=map&utm_medium=referral&utm_source=yandex_maps,череповец
Заправка автокондиционеров,+7 (931) 513-15-20,Автосервисы,[],череповец
Автодоктор,+7 (921) 123-45-67,Автосервисы,[],череповец
"Шиномонтаж, Ремонт шин, Правка дисков",+7 (951) 745-06-45,Шиномонтажи,[],череповец
Lexxauto,+7 (991) 055-19-06,Установка ГБО,[],череповец
Фаварит Авто,+7 (921) 139-23-28,"Автоклубы, мотоклубы",[],череповец
Белый Медведь,+7 (921) 148-33-93,Автосервисы,[],череповец
ViLab,+7 (906) 297-01-11 (доб. 730111),Автомойки,[],череповец
Свк-авто,+7 (921) 733-77-10,Автосервисы,[],череповец
Laserchist,+7 (981) 503-68-41,Лазерные работы,[],череповец
Газель сервис,+7 (951) 732-75-75,Автосервисы,[],череповец
Экспресс-пункт замены масла,+7 (8202) 60-20-06,Экспресс-пункты замены масла,[],череповец
Автосервис,+7 (916) 202-96-18,Пункты техосмотра,[],череповец
Колесо+,+7 (8202) 29-25-53,Шиномонтажи,[],череповец
Аквамир35,+7 (8202) 62-77-52,Автомойки,[],череповец
Автосервис Француз,+7 (900) 536-00-22,Автосервисы,[],череповец
Чкаловский,+7 (911) 518-24-24,Автосалоны,http://avtorinok35.ru/,череповец
Шиномонтаж на Белинского,+7 (8202) 52-87-77,Шиномонтажи,[],череповец
Гаечка,+7 (900) 508-02-17,Автосервисы,[],череповец
Детали,+7 (8202) 60-74-07,Автосервисы,[],череповец
Шиномонтаж,+7 (911) 538-88-11,Шиномонтажи,[],череповец
Шиномонтаж,+7 (921) 051-15-32,Шиномонтажи,[],череповец
СТО Пушкин,+7 (921) 686-35-20,Автосервисы,[],череповец
Интершина,+7 (8202) 32-33-80,Шины и диски,http://salve777.ru/,череповец
Custom garage,+7 (962) 671-64-67,Автосервисы,[],череповец
Prof balance,+7 (8202) 73-15-51,Шиномонтажи,[],череповец
Шиномонтаж,+7 (999) 098-33-61,Шиномонтажи,[],череповец
Aws Шиномонтаж,+7 (8202) 74-47-47,Шиномонтажи,[],череповец
Гралокс,+7 (911) 504-41-45,Ремонт двигателей,[],череповец
Рустехнотранс,+7 (911) 441-95-52,Тахографы,https://rustehnotrans-auto.ru/?utm_source=yandex_maps,череповец
Эллада,+7 (921) 718-83-50,Автосервисы,[],череповец
Наш Шиномонтаж,+7 (8202) 62-18-16,Шиномонтажи,[],череповец
Шиномонтаж,+7 (953) 519-38-38,Шиномонтажи,[],череповец
Алекс,+7 (8202) 60-02-22,Детейлинг,[],череповец
Заправка автокондиционеров,+7 (911) 518-50-03,Автосервисы,[],череповец
Ваш гараж,+7 (910) 456-17-67,Пункты техосмотра,[],череповец
Шиномонтаж,+7 (900) 560-06-50,Шиномонтажи,[],череповец
Детали автозапчасти,+7 (8202) 60-74-07,Автомагазины,[],череповец
Шиномонтаж плюс,+7 (995) 447-80-77,Шиномонтажи,[],череповец
Шиномонтаж,+7 (921) 131-24-67,Шиномонтажи,[],череповец
М69,+7 (8202) 60-02-08,Автомойки,[],череповец
Студия порошковой покраски Зайцева,+7 (953) 518-96-21,Нанесение покрытий,[],череповец
Инбио,+7 (8202) 25-32-01,Стоматологии,https://inbiodent.com/,череповец
Кристалл,+7 (911) 518-66-61,Стоматологии,[],череповец
Стома,+7 (8202) 28-03-30,Стоматологии,http://www.domstom.ru/,череповец
Новый жемчуг,+7 (8202) 60-99-22,Стоматологии,[],череповец
Череповецкая стоматологическая поликлиника № 2,+7 (8202) 24-82-73,Стоматологии,https://m35-cher-stpol2.gosuslugi.ru/,череповец
С-клиника,+7 (900) 505-65-09,Стоматологии,[],череповец
Вселена,+7 (8202) 64-26-45,Стоматологии,[],череповец
Академия,+7 (906) 297-03-33,Стоматологии,https://akademya35.ru/,череповец
Центр семейной стоматологии,+7 (8202) 32-09-07,Стоматологии,[],череповец
На Андреевской,+7 (8202) 25-53-80,Стоматологии,https://naandreevskoy35.ru/,череповец
Дом стоматологии Стома,+7 (8202) 32-09-09,Стоматологии,[],череповец
Дентал Центр,+7 (8202) 55-50-80,Стоматологии,[],череповец
Ридент,+7 (8202) 61-13-13,Стоматологии,[],череповец
Планета улыбок,+7 (8202) 55-18-99,Стоматологии,https://планетаулыбок35.рф/,череповец
Северная стоматология плюс,+7 (8202) 59-75-47,Стоматологии,http://севстом35.рф/,череповец
Жемчужина,+7 (8202) 44-32-84,Стоматологии,https://жемчужина.com/,череповец
Арт Дентал,+7 (8202) 74-22-52,Стоматологии,http://www.артдентал.рф/,череповец
Первая стоматология,+7 (8202) 67-64-76,Стоматологии,http://1stomatologya.ru/,череповец
Вселена,+7 (8202) 60-98-98,Стоматологии,http://vselena35.ru/,череповец
Клиника Омикрон-Томоград,+7 (911) 046-36-36,Медцентры,https://омикрон35.рф/,череповец
Гармония,+7 (996) 512-13-19,Стоматологии,[],череповец
Альфа Денталь,+7 (8202) 63-85-55,Стоматологии,https://alfa-dental.ru/,череповец
ЭстетикДент,+7 (981) 427-26-14,Стоматологии,https://www.эстетикдент35.рф/,череповец
Дом Стоматологии,+7 (8202) 28-03-30,Стоматологии,https://www.domstom.ru/,череповец
Кристал Dent,+7 (8202) 59-66-48,Стоматологии,https://kristalldent35.ru/,череповец
Вселена,+7 (8202) 32-21-15,Стоматологии,http://vselena35.ru/,череповец
Дэнс,+7 (8202) 57-81-89,Стоматологии,[],череповец
Северная стоматология+,+7 (8202) 58-70-87,Стоматологии,http://севстом35.рф/,череповец
Дентал Клиник,+7 (8202) 60-06-50,Стоматологии,[],череповец
Смайлинг,+7 (8202) 60-41-80,Стоматологии,https://smilingclinic.ru/,череповец
Династия,+7 (8202) 24-67-95,Стоматологии,https://dynasty35.ru/,череповец
Новая стоматология,+7 (931) 511-19-39,Стоматологии,http://нс35.рф/,череповец
White Clinic стоматология,+7 (906) 299-01-74,Стоматологии,[],череповец
Hollywood,+7 (921) 147-21-53,Стоматологии,[],череповец
Мастерская улыбок Ника,+7 (900) 540-39-12,Стоматологии,https://mynika35.ru/,череповец
Дантистъ,+7 (8202) 59-69-75,Стоматологии,[],череповец
Стоматологическая клиника,+7 (8202) 29-10-47,Стоматологии,http://s3413.stomatlg.ru/,череповец
Детская стоматологическая поликлиника,+7 (8202) 55-48-00,Стоматологии,[],череповец
Стоматология,+7 (8202) 26-06-30,Стоматологии,[],череповец
Юнистом,+7 (8202) 62-80-10,Стоматологии,[],череповец
Виктория,+7 (8202) 31-66-14,Стоматологии,[],череповец
Астра плюс,+7 (921) 545-81-40,Стоматологии,[],череповец
Дент-Экспресс,+7 (8202) 63-62-62,Стоматологии,http://s3429.stomatlg.ru/,череповец
"Центр семейной стоматологии, детская стоматология",+7 (8202) 31-58-21,Стоматологии,[],череповец
Дентал,+7 (981) 509-20-79,Стоматологии,http://s3433.stomatlg.ru/,череповец
Авиценна,+7 (8202) 32-03-20,Стоматологии,[],череповец
Формула улыбки,+7 (8202) 57-78-36,Стоматологии,[],череповец
Детская Стоматология 32,+7 (8202) 54-06-45,Стоматологии,[],череповец
Стоматология +,+7 (8202) 55-24-82,Стоматологии,[],череповец
Добрый стоматолог,+7 (8202) 31-12-00,Стоматологии,[],череповец
Стоматолог,+7 (8202) 28-17-67,Стоматологии,http://stomatolog-klochkova.narod.ru/,череповец
Стоматология,+7 (8202) 26-52-38,Стоматологии,[],череповец
Профи-Дент,+7 (8202) 60-16-05,Стоматологии,[],череповец
Стоматология на Ленина,+7 (8202) 30-19-12,Стоматологии,https://naleninastom.wixsite.com/cherepovetz,череповец
Стоматологический кабинет,+7 (8202) 55-03-45,Стоматологии,http://s3432.stomatlg.ru/,череповец
Стоматологический кабинет,+7 (8202) 55-43-19,Стоматологии,[],череповец
Стоматологический кабинет,+7 (8202) 26-37-73,Стоматологии,[],череповец
Академия,+7 (8202) 26-17-43,Стоматологии,[],череповец
Лечебно-диагностический центр,+7 (8202) 28-00-95,Стоматологии,[],череповец
Зубастик Че,+7 (929) 124-82-24,Стоматологии,[],череповец
Стоматолог,+7 (8202) 57-31-56,Стоматологии,[],череповец
Стоматологический кабинет,+7 (8202) 54-71-35,Стоматологии,http://s3436.stomatlg.ru/,череповец
Стоматология,+7 (911) 518-40-79,Стоматологии,[],череповец
Стоматологический центр Алексеевой,+7 (958) 111-79-72,Стоматологии,[],череповец
Стоматология,+7 (8202) 54-15-39,Стоматологии,http://s3406.stomatlg.ru/,череповец
Стоматология,+7 (906) 297-88-05,Стоматологии,[],череповец
Стоматологический офис,+7 (8202) 57-20-77,Стоматологии,[],череповец
Симметрия,+7 (921) 145-44-25,Стоматологии,[],череповец
Хэппи Дент,+7 (921) 252-72-14,Стоматологии,[],череповец
Перец,+7 (8202) 30-22-06,Рестораны,[],череповец
Shabby,+7 (8202) 67-67-76,Рестораны,https://che.shabby.cafe/,череповец
Скандинавия,+7 (8202) 54-48-78,Рестораны,https://restobar-scandinavia.ru/,череповец
Rosa Bianca,+7 (911) 505-97-77,Рестораны,https://dostavkache.ru/rosa,череповец
В Питере,+7 (911) 505-41-91,Рестораны,[],череповец
Зелень,+7 (8202) 44-44-80,Рестораны,[],череповец
Марлин,+7 (8202) 61-23-23,Рестораны,[],череповец
Trattoria,+7 (8202) 55-02-11,Рестораны,[],череповец
Бонжорно,+7 (911) 505-06-08,Рестораны,[],череповец
Соль,+7 (8202) 62-06-10,Бары,[],череповец
Якудза Фемили,+7 (8202) 74-88-00,Рестораны,https://якудза35.рф/,череповец
Томас,+7 (8202) 31-00-25,Рестораны,http://thomasrest.ru/,череповец
Молодежный,+7 (911) 505-99-29,Рестораны,[],череповец
Ribs BBQ,+7 (911) 505-41-16,Бары,[],череповец
Yakuza,+7 (8202) 74-88-00,Рестораны,[],череповец
Дракон,+7 (8202) 31-11-09,Рестораны,[],череповец
Barin,+7 (911) 518-66-18,Рестораны,http://nordhall.ru/,череповец
Модно рестопаб,+7 (900) 535-45-55,Рестораны,[],череповец
Lucky Star,+7 (8202) 67-62-62,Рестораны,https://luckystar.cafe/?location=3,череповец
Винный Цех,+7 (921) 822-60-22,Рестораны,https://pivzavod35.ru/wine,череповец
Крапива,+7 (8202) 60-90-60,Рестораны,[],череповец
Неон,+7 (8202) 74-87-48,Рестораны,[],череповец
Хочу кушать,+7 (8202) 20-20-23,Кафе,[],череповец
Матрешка,+7 (8202) 49-06-09,Рестораны,[],череповец
Ленинград,+7 (8202) 30-24-91,Рестораны,http://www.leningradhotel.ru/,череповец
Ковчег,+7 (8202) 61-11-61,Кафе,[],череповец
Food Factory,+7 (8202) 55-70-15,Кафе,[],череповец
Хачапури,+7 (8202) 50-58-42,Рестораны,[],череповец
Мангал,+7 (911) 505-11-14,Кафе,[],череповец
Деревяшка,+7 (8202) 28-00-44,Кафе,[],череповец
Чикибамбони,+7 (8202) 55-10-10,Доставка еды,[],череповец
Афродита,+7 (8202) 63-09-33,Рестораны,https://vk.link/m9so35,череповец
Рача,+7 (911) 505-76-06,Рестораны,[],череповец
Первый металлист,+7 (8202) 30-23-03,Бары,[],череповец
Дорогой Друг,+7 (996) 309-84-45,Рестораны,[],череповец
Империал Паб Пивоварня,+7 (900) 544-79-51,Бары,[],череповец
Ле Грасс,+7 (8202) 25-59-01,Рестораны,http://edinstvohotel.ru/,череповец
Шашлычный рай,+7 (8202) 73-97-39,Кафе,[],череповец
Pivzavod,+7 (931) 508-29-89,Концертные залы,https://pivzavod35.ru/,череповец
Гурман,+7 (8202) 62-36-06,Рестораны,[],череповец
Дежа Вю Парк,+7 (8202) 20-11-55,Рестораны,[],череповец
Хочу кушать,+7 (900) 551-75-99,Кафе,[],череповец
Джан,+7 (8202) 64-65-05,Быстрое питание,[],череповец
Шторм,+7 (8202) 62-44-68,Кинотеатры,https://kinoteatr.shtorm35.ru/,череповец
Погреба,+7 (951) 742-48-43,Рестораны,[],череповец
Aqua cafe,+7 (911) 507-46-19,Кафе,[],череповец
Голодный кочевник,+7 (8202) 63-60-62,Быстрое питание,[],череповец
Шуша,+7 (960) 293-97-77,Рестораны,[],череповец
Shaverma,+7 (901) 406-20-51,Кафе,[],череповец
Три Сковородки,+7 (981) 442-94-55,Кафе,[],череповец
Кормим Папу,+7 (981) 501-56-18,Кафе,[],череповец
Шаверма Морсен,+7 (8202) 74-35-35,Быстрое питание,https://dostavka.morsen.ru/catalog/merchant3274,череповец
Голодный кочевник,+7 (8202) 63-60-62 (доб. 8202),Быстрое питание,[],череповец
Cappuccino bar,+7 (900) 503-07-06,Кофейни,[],череповец
Хлебница,+7 (900) 541-23-13,Пекарни,https://hlebnitca.ru/,череповец
Рай цветов,+7 (962) 666-10-05,Цветы,https://www.flowersche.ru/,череповец
Цветочный дворик,+7 (964) 662-36-09,Цветы,https://cvetdvorik35.clients.site/,череповец
Цвет Опт,+7 (921) 252-27-17,Цветы,[],череповец
"Николь, салон цветов",+7 (911) 505-37-70 (доб. 60-37-70),Цветы,https://tsvety-nikol.clients.site/,череповец
Все пучком,+7 (921) 231-35-34,Цветы,https://vsepuchcom.ru/,череповец
Цвет опт,+7 (921) 252-27-17,Цветы,[],череповец
Все пучком,+7 (921) 732-45-25,Цветы,https://vsepuchcom.ru/,череповец
ЦветОК,+7 (921) 732-06-06,Цветы,https://cvetokpro.ru/,череповец
База цветов,+7 (921) 139-79-44,Цветы,[],череповец
Салон цветов Гран-при,+7 (8202) 55-48-58,Цветы,[],череповец
Все Пучком!,+7 (921) 732-45-25,Цветы,http://vsepuchcom.ru/,череповец
ЦветОК,+7 (8202) 63-88-63,Цветы,[],череповец
Николь,+7 (911) 505-33-35 (доб. 60-33-35),Цветы,https://tsvety-nikol.clients.site/,череповец
АртБукет,+7 (921) 254-34-06,Цветы,[],череповец
Цветы любимым,+7 (931) 507-60-02,Цветы,[],череповец
ЦветОпт,+7 (921) 252-27-17,Цветы,https://cvet-opt.com/,череповец
Николь,+7 (911) 505-99-93 (доб. 60-99-93),Цветы,https://tsvety-nikol.clients.site/,череповец
Все Пучком!,+7 (921) 723-07-01,Магазины подарков,[],череповец
Цветы любимым,+7 (921) 252-24-34,Цветы,[],череповец
Цветы любимым,+7 (921) 254-01-23,Цветы,[],череповец
Николь,+7 (911) 505-82-82,Цветы,https://tsvety-nikol.clients.site/,череповец
Всё пучком,+7 (8202) 54-95-95,Цветы,http://vsepuchcom.ru/,череповец
Николь,+7 (8202) 73-39-93,Цветы,https://tsvety-nikol.clients.site/,череповец
Николь,+7 (8202) 60-99-95,Доставка цветов,https://tsvety-nikol.clients.site/,череповец
Николь,+7 (911) 505-76-86,Цветы,https://tsvety-nikol.clients.site/,череповец
Цветы любимым,+7 (921) 252-71-44,Цветы,[],череповец
ЦветОк,+7 (921) 135-50-45,Цветы,https://cvetokpro.ru/,череповец
D3 studio,+7 (999) 791-81-03,Цветы,[],череповец
Цветы,+7 (992) 284-51-19,Цветы,http://angajement.ru/,череповец
Ангажемент,+7 (911) 505-40-30,Доставка цветов,http://angajement.ru/,череповец
Цветы любимым,+7 (921) 723-00-58,Цветы,[],череповец
Красота букета,+7 (921) 535-63-33,Цветы,https://красота-букета.рф/,череповец
She,+7 (921) 063-94-21,Цветы,http://sheflowers.clients.site/,череповец
ТочкаЦвеТочка,+7 (911) 523-79-79,Цветы,[],череповец
Royal Roses,+7 (929) 123-33-53,Цветы,https://royalroses35.ru/?utm_medium=yandex&utm_source=karty,череповец
Николь,+7 (921) 136-08-08,Цветы,https://tsvety-nikol.clients.site/,череповец
Букетеррия,+7 (921) 250-43-83,Цветы,[],череповец
Студия цветов,+7 (921) 602-72-77,Цветы,[],череповец
Лаванда,+7 (921) 685-53-41,Цветы,[],череповец
Маки,+7 (960) 294-55-64,Цветы,[],череповец
Flora city,+7 (8202) 25-30-75,Цветы,[],череповец
Цветочный магазин,+7 (981) 425-60-90,Цветы,[],череповец
Lovely,+7 (981) 443-20-33,Цветы,[],череповец
Букет,+7 (921) 732-65-34,Цветы,[],череповец
Еврофлор,+7 (996) 513-72-35,Магазины для садоводов,[],череповец
Цветочный мир,+7 (921) 061-86-28,Цветы,[],череповец
Green Room,+7 (921) 134-63-84,Доставка цветов,[],череповец
Гранат,+7 (931) 512-01-66,Цветы,[],череповец
Цветули,+7 (921) 144-55-30,Цветы,http://череповец-цветы.рф/,череповец
Цветы,+7 (900) 505-14-61,Цветы,[],череповец
Happy Lama,+7 (960) 299-77-43,Цветы,[],череповец
Три Желания,+7 (921) 069-59-08,Цветы,[],череповец
Ленцветорг,+7 (921) 339-47-53,Цветы,[],череповец
Floweris,+7 (964) 669-99-97,Цветы,[],череповец
Цветы,+7 (931) 510-42-89,Доставка цветов,[],череповец
Закоренелый цветочник,+7 (996) 513-13-02,Цветы,[],череповец
Ленцветторг,+7 (921) 894-93-56,Цветы,[],череповец
Блюменсток,+7 (931) 517-88-56,Цветы,[],череповец
Малина,+7 (911) 047-06-37,Цветы,[],череповец
Аромат,+7 (963) 356-15-20,Цветы,[],череповец
Колорит,+7 (921) 233-52-84,Оптовые магазины,[],череповец
Цветы и Шарики,+7 (911) 505-27-80,Товары для праздника,https://tsvety-i-shariki.tilda.ws/,череповец
"Ул. Архангельская, 43",+7 (921) 252-71-44,Магазины подарков,http://vsepuchcom.ru/,череповец
Флоралия,+7 (992) 288-75-69,Цветы,[],череповец
Мир семян,+7 (900) 546-97-22,Магазины для садоводов,[],череповец
Медэксперт,+7 (8202) 57-77-77,Медцентры,https://medexpert35.com/,череповец
Феникс,+7 (8202) 49-05-48,Диагностические центры,https://feniks-med.net/,череповец
Первая многопрофильная клиника,+7 (921) 252-40-02,Медцентры,[],череповец
Зашекснинский,+7 (8202) 32-29-94,Медцентры,https://panaceya35.ru/,череповец
Исток,+7 (8202) 62-07-19,Медцентры,https://исток35.рф/,череповец
Салютис,+7 (8202) 32-21-21,Медцентры,[],череповец
Ежевика,+7 (8202) 62-28-34,Медцентры,https://egevika35.ru/,череповец
Панацея,+7 (8202) 28-09-59,Диагностические центры,https://panaceya35.ru/,череповец
Мать и дитя,+7 (8202) 55-58-88,Медцентры,[],череповец
Медтехрейс,+7 (8202) 74-03-03,Медцентры,https://череповец.медтехрейс.рф/,череповец
Центр платных услуг,+7 (8202) 29-49-49,Медцентры,https://msch-severstal.ru/,череповец
Оптима Плюс,+7 (8202) 33-55-02,Медцентры,https://medcentroptima.ru/,череповец
Биорайс,+7 (911) 505-99-09,Медцентры,https://biorise.ru/cherepovets,череповец
Центр лазерной медицины,+7 (8202) 62-34-87,Частные врачи,[],череповец
Медико-санитарная часть Северсталь,+7 (8202) 53-65-02,Медцентры,[],череповец
Marso,+7 (8202) 60-60-50,Медцентры,http://marsocosmo.ru/,череповец
"ЛДЦ МИБС им. С.М. Березина, центр МРТ-диагностики",+7 (8202) 50-14-14,Диагностические центры,https://cherepovets.ldc.ru/,череповец
Визус Абсолют,+7 (8202) 67-60-70,Медцентры,https://vizus-absolut-cherepovets.ru/,череповец
Кан Ти,+7 (921) 601-79-31,Оздоровительные центры,[],череповец
Центр коррекции зрения Новый Луч,+7 (8202) 50-17-13,Салоны оптики,http://новый-луч.рф/,череповец
Медицинский кабинет Гараниной Т. В.,+7 (8202) 55-48-04,Медцентры,[],череповец
Центр платных услуг,+7 (8202) 56-33-81,Медцентры,https://msch-severstal.ru/,череповец
Целди,+7 (8202) 28-11-22,Медлаборатории,http://www.celdi.ru/,череповец
Визион+,+7 (8202) 61-41-00,Диагностические центры,http://vision35.ru/,череповец
Стомо,+7 (8202) 26-75-26,Стоматологии,http://stomocentre.ru/,череповец
Кудряков Алексей Вячеславович,+7 (921) 134-64-59,Частные врачи,[],череповец
Медицинский кабинет дерматовенеролога,+7 (8202) 64-99-60,Медцентры,[],череповец
Алко Стоп,+7 (999) 671-17-45,Медцентры,https://alko-stop-1741002591.clients.site/,череповец
Доктор Спас,+7 (999) 671-17-45,Медцентры,https://doktor-spas-ulitsa-lenina.clients.site/,череповец
Свобода,+7 (8202) 25-32-66,Медцентры,https://svoboda-andreevskaja-ulitsa.clients.site/,череповец
Медицинский центр Доктор Соран,+7 (958) 400-84-99,Медцентры,[],череповец
МедСилаВоли,+7 (999) 671-17-45,Медцентры,https://medsilavoli-prospekt-pobedy.clients.site/,череповец
Офтальмолог,+7 (8202) 58-71-94,Медцентры,[],череповец
Источник Спасения,+7 (999) 671-17-45,Медцентры,https://istochnik-spasenija-prospekt-pobedy.clients.site/,череповец
Стоп Зависимость,+7 (999) 671-17-45,Медцентры,https://stop-zavisimost-ulitsa-stalevarov.clients.site/,череповец
Светлый луч,+7 (999) 671-17-45,Медцентры,https://svetlyj-luch-ulitsa-m-gorkogo.clients.site/,череповец
Эспераль,+7 (982) 458-75-42,Медцентры,https://esperal-prospekt-pobedy.clients.site/,череповец
Центр наркологии и психотерапии Доктора Фролова,+7 (8202) 26-80-80,Медцентры,[],череповец
Оздоровление Плюс,+7 (999) 671-17-45,Медцентры,https://ozdorovlenie-pljus-prospekt-pobedy.clients.site/,череповец
МедФактор,+7 (925) 070-56-48,Медцентры,https://m-vershina.ru/,череповец
Вологодский областной кожно-венерологический диспансер № 2 кабинет врачебной косметологии,+7 (8202) 55-69-40,"Отделения больницы, госпиталя",[],череповец
Camon Cafe,+7 (8202) 30-06-36,Кофейни,[],череповец
Винегрет,+7 (8202) 50-39-01,Кафе,[],череповец
Бриз,+7 (963) 731-29-77,Кафе,[],череповец
Добропицца,+7 (8202) 62-58-75,Кафе,https://dobropizza.ru/,череповец
Шашлычок,+7 (8202) 73-11-63,Кафе,[],череповец
Пень-Пнём,+7 (921) 253-62-22,Кафе,http://naelsa.ru/,череповец
Хочу Кушать,+7 (900) 551-75-99,Кафе,[],череповец
IL Патио,+7 (8202) 50-50-60,Рестораны,https://ilpatio.ru/,череповец
Дунай,+7 (8202) 31-55-15,Рестораны,[],череповец
Ресторанный дом Аристократов,+7 (8202) 30-20-15,Рестораны,http://аристократов.рф/,череповец
Северная русь,+7 (8202) 61-30-53,Кафе,[],череповец
Молоко,+7 (921) 137-63-67,Кофейни,[],череповец
Просвет,+7 (911) 515-99-79,Кофейни,[],череповец
Остров,+7 (8202) 32-33-77,Кафе,https://tcmayak.com/banketyi/,череповец
Шеш-беш,+7 (8202) 60-79-07,Кафе,[],череповец
Пень-Пнём,+7 (8202) 26-08-87,Кафе,http://naelsa.ru/,череповец
Pizza Club,+7 (8202) 62-80-62,Кафе,http://pizzaclub.pro/,череповец
"Багет, лангет и пара котлет",+7 (900) 557-91-29,Кафе,[],череповец
Pirosmani,+7 (921) 723-63-08,Рестораны,[],череповец
Окинава,+7 (8202) 20-04-00,Кафе,[],череповец
Мельница,+7 (8202) 61-61-16,Кафе,[],череповец
Pur Pur,+7 (911) 505-32-00,Кафе,[],череповец
Трамвай,+7 (905) 296-88-26,Кафе,https://трамвай35.рф/,череповец
Тримельницы,+7 (8202) 62-05-10,Кафе,https://melnitca35.ru/,череповец
Парк-кафе на Горького,+7 (911) 518-51-61,Кафе,[],череповец
У лесника,+7 (921) 252-16-18,Кафе,[],череповец
Линь кафе,+7 (977) 968-55-55,Кафе,https://lin-kafe.clients.site/,череповец
Vaffel,+7 (906) 297-07-31,Кафе,[],череповец
Zeytun,+7 (911) 505-60-08,Кафе,https://vk.link/cafe_zeytun_che,череповец
Soda,+7 (921) 252-68-62,Кафе,[],череповец
Студия Вилка,+7 (921) 602-02-68,Рестораны,http://cherepovets.studiovilka.ru/,череповец
Дежа Вю,+7 (8202) 28-00-77,Рестораны,https://severnyezori.sz35.ru/restaurants/dezhavyu/,череповец
Белый медведь,+7 (8202) 55-31-53,Кафе,[],череповец
Кофемания,+7 (911) 529-00-07,Кофейни,[],череповец
Усадьба,+7 (8202) 24-92-90,Кафе,[],череповец
Пироговая,+7 (8202) 52-05-00,Кафе,http://jarpizza35.ru/,череповец
Ладья,+7 (8202) 30-24-02,Банкетные залы,http://ladya-35.ru/,череповец
"Место № 1 - Там, где вкусно",+7 (8202) 63-00-01,Кафе,https://mesto1pizza.ru/,череповец
Столовая Ла-ла-ланч,+7 (921) 543-65-82,Кафе,[],череповец
Борщ,+7 (960) 296-77-08,Рестораны,[],череповец
Oazis,+7 (953) 511-00-11,Рестораны,[],череповец
Pur-pur,+7 (981) 500-15-00,Кафе,[],череповец
Тимьян,+7 (8202) 73-07-20,Суши-бары,https://timyan35.ru/,череповец
Музсовет арт-пространство,+7 (8202) 49-01-21,Кофейни,[],череповец
Mono Coffeelab,+7 (911) 533-30-06,Кофейни,[],череповец
"Енот, Лиса и Кофе с Совой",+7 (921) 134-95-54,Кофейни,[],череповец
Панькино,+7 (964) 673-83-58,Кафе,[],череповец
Игра вкусов,+7 (909) 598-09-99,Кафе,[],череповец
Алиса,+7 (8202) 73-03-63,Кафе,https://alice.qr-cafe.ru/,череповец
Узбекская кухня,+7 (900) 545-30-20,Кафе,[],череповец
Ривьера,+7 (8202) 28-17-23,Кафе,[],череповец
Кормим папу,+7 (8202) 61-33-61,Пекарни,[],череповец
Тоша,+7 (921) 254-60-00,Доставка еды,[],череповец
Шашлыки,+7 (921) 055-40-61,Кафе,[],череповец
Хинкали,+7 (8202) 60-10-22,Кафе,[],череповец
Столовая № 5,+7 (8202) 60-11-11,Столовые,[],череповец
Пиццерия Элби,+7 (8202) 30-22-68,Кафе,[],череповец
Пляж,+7 (964) 673-83-58,Кафе,[],череповец
Наше место,+7 (8202) 64-20-55,Быстрое питание,[],череповец
Пятница,+7 (921) 548-61-23,Бары,[],череповец
ЧайБар,+7 (8202) 63-51-00,Кафе,https://dance35.org/chaybarcherepovets,череповец
Пивотека,+7 (911) 507-58-58,Бары,[],череповец
Скалка,+7 (8202) 67-66-76,Пиццерии,[],череповец
По мяску,+7 (921) 238-63-73,Кафе,https://po-myasku.ru/,череповец
Fox,+7 (911) 505-92-91,Доставка еды,https://фокс35.рф/,череповец
Поминальный зал Феникс,+7 (8202) 60-08-01,Кафе,http://феникс35.рф/,череповец
Ok's coffee,+7 (921) 718-68-40,Кафе,[],череповец
Филадельфия,+7 (8202) 73-10-00,Суши-бары,[],череповец
Изюм,+7 (8202) 63-10-63,Кафе,[],череповец
ЙокоСуши,+7 (8202) 61-39-39,Доставка еды,http://yoko35.ru/,череповец
Хлеб Пицца,+7 (8202) 62-28-50,Кафе,[],череповец
Пеныч,+7 (921) 532-27-54,Кафе,[],череповец
Тики&Таки,+7 (8202) 74-77-74,Игровые комнаты,[],череповец
Поминальный зал Феникс,+7 (911) 505-08-01,Прощальные залы,http://феникс35.рф/,череповец
Вкус. Кофе,+7 (999) 791-81-86,Кофейни,[],череповец
Шаверма Гурман,+7 (921) 252-36-06,Кафе,[],череповец
Столовая в ДОКе,+7 (921) 136-19-45,Столовые,[],череповец
Сладости и радости,+7 (921) 051-22-25,Кофейни,http://sladostiiradosti.ru/,череповец
Хлебница,+7 (931) 507-10-71,Кафе,https://www.hlebnitca.ru/,череповец
Шаурма в лаваше,+7 (8202) 73-70-73,Быстрое питание,[],череповец
Да-Е-ДА,+7 (8202) 62-60-00,Кафе,[],череповец
Надежда,+7 (900) 544-11-51,Кафе,[],череповец
ПирожОК,+7 (900) 500-90-08,Кофейни,http://jarpizza35.ru/,череповец
Скалка,+7 (953) 513-03-30,Кафе,[],череповец
Суши Фудс,+7 (981) 508-47-06,Доставка еды,[],череповец
Не надо стесняться!,+7 (931) 508-29-89,Караоке-клубы,https://pivzavod35.ru/karaoke,череповец
Sushi Life,+7 (8202) 60-88-06,Суши-бары,[],череповец
Лаваш & Мясо,+7 (911) 505-29-89,Мясные магазины,[],череповец
Римини пицца,+7 (8202) 52-55-00,Пиццерии,https://riminipizza.ru/,череповец
Пироги&Булки,+7 (921) 254-02-96,Пекарни,[],череповец
Кулинария Kitto Family,+7 (911) 505-78-07,Кулинарии,[],череповец
Coffee Like,+7 (3412) 90-82-92,Кофейни,https://coffee-like.com/,череповец
Градус 24,+7 (8202) 64-24-24,Алкогольные напитки,[],череповец
Granat Nails Studio,+7 (900) 553-10-56,Ногтевые студии,[],череповец
Be beauty bar,+7 (921) 826-70-91,Ногтевые студии,http://bbb35.ru/,череповец
Афродита,+7 (8202) 64-67-77,Салоны красоты,[],череповец
Центр проблемной стопы Podospecific,+7 (8202) 25-31-80,Подология,https://cherepovets.podospecific.ru/,череповец
Студия маникюра Марины Тонковой,+7 (963) 353-55-16,Ногтевые студии,[],череповец
Lida Nails Che,+7 (964) 669-60-80,Ногтевые студии,[],череповец
Te Amo,+7 (900) 507-17-27,Ногтевые студии,[],череповец
Студия маникюра,+7 (921) 251-68-52,Ногтевые студии,[],череповец
Салон красоты Манхэттен,+7 (8202) 24-78-94,Парикмахерские,[],череповец
Четверг,+7 (8202) 60-06-02,Ногтевые студии,[],череповец
Rodbar,+7 (921) 255-19-55,Ногтевые студии,https://dikidi.net/609885,череповец
Ногтевая студия Astra_nail,+7 (8202) 64-49-02,Ногтевые студии,https://dikidi.net/356941,череповец
NikNail,+7 (951) 738-70-68,Ногтевые студии,https://mst.link/tushinova_alena,череповец
Студия спасения ногтей,+7 (921) 732-25-78,Ногтевые студии,[],череповец
МаникюриЯ,+7 (964) 665-19-17,Ногтевые студии,[],череповец
Студия маникюра на Андреевской,+7 (900) 530-26-87,Ногтевые студии,https://dikidi.net/954368,череповец
Маникюр со смыслом,+7 (921) 255-45-65,Ногтевые студии,https://mst.link/manicuresosmyslom,череповец
Gi Nails,+7 (900) 537-69-21,Ногтевые студии,[],череповец
Maniqr,+7 (953) 513-81-84,Ногтевые студии,[],череповец
Ногтевая студия,+7 (963) 734-95-02,Ногтевые студии,[],череповец
Студия маникюра,+7 (953) 505-38-76,Ногтевые студии,[],череповец
Ногтевая студия,+7 (963) 352-77-84,Ногтевые студии,[],череповец
Sapfir,+7 (900) 531-11-22,Салоны красоты,[],череповец
Здесь делают ногти мечты,+7 (964) 664-64-78,Ногтевые студии,[],череповец
Alina,+7 (963) 353-35-22,Ногтевые студии,[],череповец
Nailstudio,+7 (921) 715-14-19,Ногтевые студии,[],череповец
Мастер педикюра,+7 (981) 500-10-36,Ногтевые студии,[],череповец
Ногтевая студия,+7 (995) 145-49-99,Ногтевые студии,[],череповец
Ногтевая студия,+7 (953) 522-37-87,Ногтевые студии,[],череповец
Маникюр,+7 (951) 747-59-32,Ногтевые студии,https://dikidi.net/1292098,череповец
Family City,+7 (8202) 61-46-46,Парикмахерские,[],череповец
Kane professional,+7 (921) 257-07-89,Подология,[],череповец
Точка красоты,+7 (996) 945-40-81,Парикмахерские,[],череповец
Anisel' Nail,+7 (921) 824-55-42,Ногтевые студии,[],череповец
Nail art,+7 (921) 257-45-09,Ногтевые студии,[],череповец
Style Studio,+7 (8202) 64-64-21,Ногтевые студии,[],череповец
Мастер маникюра,+7 (951) 736-05-35,Ногтевые студии,[],череповец
Студия Маникюра Евгении Нефедовой,+7 (996) 512-80-62,Ногтевые студии,[],череповец
Мастер маникюра Анна Яшина,+7 (921) 131-79-83,Ногтевые студии,[],череповец
Baskovanails,+7 (911) 049-46-09,Ногтевые студии,[],череповец
MedPedChe,+7 (962) 668-43-10,Ногтевые студии,[],череповец
Студия стильных ногтей,+7 (951) 746-80-20,Ногтевые студии,[],череповец
Лак,+7 (911) 508-48-82,Ногтевые студии,[],череповец
Кабинет здоровой стопы Ирины Никитаевой,+7 (911) 506-89-53,Ногтевые студии,[],череповец
Парикмахерская № 7,+7 (8202) 31-13-80,Парикмахерские,[],череповец
MyArtNails,+7 (911) 520-53-17,Ногтевые студии,[],череповец
Салон маникюра,+7 (921) 549-49-16,Ногтевые студии,[],череповец
Подолог,+7 (921) 052-85-46,Подология,[],череповец
Парикмахерская,+7 (931) 507-53-70,Парикмахерские,[],череповец
Любимая,+7 (8202) 61-21-61,Парикмахерские,[],череповец
Салон красоты,+7 (921) 732-55-02,Ногтевые студии,[],череповец
Manik. Qr,+7 (963) 733-48-73,Ногтевые студии,[],череповец
Beauty zone,+7 (962) 668-43-10,Подология,[],череповец
Парикмахерская,+7 (962) 672-12-78,Парикмахерские,[],череповец
Black Diamond,+7 (921) 732-61-32,Косметология,[],череповец
Vanillo,+7 (963) 355-73-37,Парикмахерские,[],череповец
Любава,+7 (921) 545-09-50,Парикмахерские,[],череповец
Кирова Мария В.,+7 (921) 250-11-19,Ногтевые студии,[],череповец
Гаврош,+7 (921) 059-33-95,Парикмахерские,[],череповец
Альтер,+7 (8202) 74-30-70,Юристы,http://alter35.ru/,череповец
Эквилибриум,+7 (8202) 62-50-00,Юристы,http://law-um.ru/,череповец
Банкротовед,+7 (965) 736-86-86,Юристы,https://банкротоведчереповец.рф/,череповец
Адвокат Воронин А.А,+7 (921) 680-51-80,Адвокаты,https://advokatin.ru/,череповец
Адвокат Анциферова Марина Геннадиевна,+7 (921) 254-27-23,Адвокаты,https://advokat-cherepovec.ru/,череповец
Адвокат Воробьев А. Н.,+7 (965) 741-90-82,Юристы,http://advokat-vorobyov.ru/,череповец
Юридическая компания Бизнес Право,+7 (8202) 49-05-45,Юристы,https://advbp.ru/,череповец
Юрист Голубева Я.В.,+7 (960) 296-23-94,Юристы,http://www.yurist35.ru/,череповец
Адвокатское бюро,+7 (8202) 57-16-77,Юристы,[],череповец
"Гражданское право, юридическое агентство",+7 (921) 723-53-78,Юристы,http://www.morediplomov.ru/jur,череповец
Мой адвокат,+7 (8202) 50-57-00,Адвокаты,http://moiadvokat35.ru/,череповец
Адвокат Парфенова Ю.В.,+7 (921) 252-25-94,Адвокаты,[],череповец
Юрист,+7 (900) 537-57-77,Юристы,[],череповец
Адвокат Чумаков А. А.,+7 (921) 723-45-03,Адвокаты,[],череповец
Правовед,+7 (911) 503-39-57,Юристы,[],череповец
Агентство городского развития,+7 (8202) 20-19-22,Финансовый консалтинг,http://www.agr-city.ru/,череповец
Фонд Защиты Должников,+7 (8202) 74-40-70,Регистрация предприятий,https://fzd35.ru/,череповец
Центр Семейного Права,+7 (911) 505-42-67,Юристы,[],череповец
Адвокат Витушкин В. А.,+7 (921) 254-23-33,Адвокаты,[],череповец
Арбитражный управляющий Кувтырев А. В.,+7 (921) 253-03-64,Юристы,http://bankrotstvonet.ru/,череповец
ЮрКом,+7 (921) 129-78-06,Юристы,[],череповец
Банкротство,+7 (921) 254-08-91,Юристы,[],череповец
Адвокат Водинов О. И.,+7 (921) 732-55-19,Адвокаты,http://vodinov.ru/,череповец
ЦПП Сфера,+7 (931) 514-11-30,Юристы,http://cher-sfera.ucoz.ru/,череповец
Ваш Юрист,+7 (931) 512-02-76,Юристы,[],череповец
Юрист Лимаренко К. Ю.,+7 (921) 254-45-60,Юристы,[],череповец
Центр интеллектуальной собственности,+7 (911) 505-66-04,Товарные знаки,[],череповец
Общество защиты прав потребителей,+7 (8202) 20-20-54,Защита прав потребителя,https://www.potrebitel-russia.ru/?id=278,череповец
Адвокаты Жукова П. В. Марашова Е. Ю.,+7 (911) 517-39-91,Адвокаты,[],череповец
Лекс,+7 (8202) 52-35-56,Юристы,[],череповец
ИРЦ Консалтинг,+7 (931) 505-22-30,Бухгалтеры,https://buhgalter35.ru/,череповец
Юридические услуги Мелёшин Игорь Юрьевич и Партнеры,+7 (981) 506-89-85,Юристы,https://juristcherepovets.ru/,череповец
Заря,+7 (8172) 55-03-79,Юристы,https://zarya.ru/,череповец
Юрист Карпов А. А.,+7 (911) 505-42-67,Юристы,[],череповец
Чистый Лист,+7 (962) 666-73-63,Юристы,https://chistiylist.com/,череповец
Алиби,+7 (8202) 62-86-28,Адвокаты,https://alibi35.ru/,череповец
Arbitrade,+7 (8202) 61-32-33,Юристы,[],череповец
Юрист Тарасов А. Е.,+7 (921) 723-33-69,Юристы,http://jurist-cherepovets.ru/,череповец
Городская юридическая служба,+7 (921) 251-81-55,Юристы,[],череповец
Адвокат Витушкин В. А.,+7 (8202) 50-17-52,Адвокаты,[],череповец
Магус,+7 (911) 520-80-50,Юристы,[],череповец
Юридическое агентство Правый Берег,+7 (953) 518-76-97,Юристы,[],череповец
Оазис,+7 (921) 717-77-42,Агентства недвижимости,[],череповец
Автоюрист,+7 (911) 518-30-33,Юристы,[],череповец
Центральная коллегия адвокатов,+7 (8202) 55-23-08,Адвокаты,[],череповец
Юрист Павлова А.М. Адвокат Мельник М.М.,+7 (953) 509-88-88,Регистрация предприятий,[],череповец
Юрист Столяров В. Г.,+7 (921) 723-07-75,Юристы,[],череповец
Юрист Антонова О. В.,+7 (911) 535-14-91,Юристы,[],череповец
Юрист Ермаков П. В.,+7 (953) 502-25-55,Юристы,[],череповец
Гестион,+7 (921) 122-96-33,Юристы,[],череповец
Адвокат Лукьянова Валентина Николаевна,+7 (921) 723-30-20,Юристы,[],череповец
Банкротство35,+7 (921) 547-51-17,Юристы,[],череповец
Юридическая лабаратория,+7 (921) 837-10-88,Юристы,[],череповец
Адвокат Сальников Н. В.,+7 (911) 534-44-54,Адвокаты,[],череповец
Домашний Адвокат,+7 (8202) 64-04-55,Юристы,[],череповец
Статут,+7 (921) 548-64-55,Юристы,[],череповец
Организация защиты прав,+7 (8202) 60-33-34,Юристы,[],череповец
Адвокатский кабинет Зеляковой Е. М.,+7 (921) 732-71-52,Юристы,[],череповец
Юрист Шабанова Н. В.,+7 (921) 733-28-20,Юристы,[],череповец
Содействие,+7 (911) 519-89-82,Юристы,[],череповец
Юрэкс,+7 (8202) 60-10-06,Бухгалтеры,[],череповец
Оперативная правовая группа,+7 (911) 540-89-10,Юристы,[],череповец
Адвокатская контора,+7 (921) 133-56-27,Адвокаты,[],череповец
Деко аудит,+7 (8202) 50-00-34,Аудиторы,http://www.decoaudit.ru/,череповец
Юрист Савина А. С.,+7 (921) 733-72-49,Юристы,[],череповец
Бюро территориального планирования и землеустройства Геопроект,+7 (921) 549-07-85,Кадастровые работы,http://geopro35.ru/,череповец
Адвокат Чубарин Иван Владимирович,+7 (921) 252-05-36,Адвокаты,[],череповец
Юридическое бюро Кодекс,+7 (900) 541-17-14,Юристы,[],череповец
Профит-аудит,+7 (999) 233-04-37,Бухгалтеры,[],череповец
Доходный дом,+7 (921) 133-21-18,Юристы,[],череповец
Адвокат Смирнов Ю. Ф.,+7 (911) 509-35-35,Адвокаты,[],череповец
Акцент,+7 (960) 291-58-54,Юристы,[],череповец
Правосудие,+7 (921) 723-07-75,Юристы,[],череповец
Консалтинговая компания Глобус,+7 (8202) 62-00-15,Юристы,[],череповец
Рим,+7 (8202) 54-51-34,Юристы,[],череповец
Коллегия адвокатов ЮрСо адвокатской палаты Вологодской области,+7 (8202) 60-00-12,Юристы,[],череповец
Адвокат Кириллова М.Ю.,+7 (911) 505-10-50,Адвокаты,https://www.cpv.ru/advocat,череповец
Первый правовой центр судебных экспертиз и защиты прав потребителей,+7 (911) 505-38-80,Защита прав потребителя,[],череповец
Аудит 2010,+7 (8202) 57-70-24,Аудиторы,[],череповец
Адвокаты,+7 (8202) 54-69-24,Адвокаты,[],череповец
Автоадвокат.рф,+7 (8202) 64-45-60,Адвокаты,[],череповец
КапиталЪ,+7 (8202) 52-01-05,Страховые агенты,[],череповец
Таможенный терминал ТамАМ,+7 (8202) 55-61-97,Юристы,[],череповец
Адвокатский кабинет Миронова Д. В.,+7 (8202) 50-39-81,Адвокаты,[],череповец
Городской Экспертный Центр,+7 (953) 502-66-36,Экспертиза,[],череповец
Адвокаты,+7 (921) 146-78-51,Адвокаты,[],череповец
Адвокатский кабинет Прыгуновой Л. Н.,+7 (921) 139-60-68,Адвокаты,[],череповец
Эверест,+7 (8202) 54-56-63,БТИ,[],череповец
Адвокат Бакланов С.А.,+7 (8202) 64-25-95,Адвокаты,[],череповец
Автозапчасти,+7 (8202) 61-05-31,Автомагазины,https://exist.ru/?utm_medium=priority&utm_source=yandex_maps,череповец
АвтоСклад,+7 (962) 667-75-55,Автомагазины,http://avtosklad35.ru/,череповец
Lada Dеталь,+7 (8202) 25-11-00,Автомагазины,https://lada-detail.ru/,череповец
Территория Авто,+7 (8202) 24-19-99,Автомагазины,http://psvauto.ru/,череповец
Autodoc.ru,+7 (8202) 74-47-77,Автомагазины,https://www.autodoc.ru/,череповец
Автозапчасти,+7 (8202) 60-14-03,Автомагазины,[],череповец
Сиерра,+7 (921) 732-91-52,Автомагазины,https://vk.link/sierraauto,череповец
Автодоктор,+7 (8202) 26-93-46,Автомагазины,http://autodoctor35.ru/,череповец
Детали иномарок.рф,+7 (8202) 62-40-60,Автомагазины,[],череповец
Автозапчасти на Парковой,+7 (8202) 25-51-15,Автомагазины,[],череповец
Автопитер,+7 (8202) 49-02-70 (доб. 393),Автомагазины,https://autopiter.ru/?utm_campaign=priority&utm_medium=fix&utm_source=yandexmaps,череповец
Автозапчасти,+7 (8202) 60-24-44,Автомагазины,[],череповец
Золотой ключик,+7 (8202) 57-76-22,Автомагазины,https://золотойключик35.рф/,череповец
Территория авто и автомаркет,+7 (8202) 57-20-65,Автомагазины,[],череповец
Автозапчасти ВАЗ,+7 (8202) 26-64-44,Автомагазины,[],череповец
Магазин автозапчастей Всё для Kia и Hyundai,+7 (8202) 60-99-45,Автомагазины,[],череповец
БалтКам,+7 (8202) 67-65-20,Автомагазины,https://www.baltkam.ru/,череповец
Женева,+7 (931) 507-01-57,Автомагазины,[],череповец
Строймашина,+7 (8202) 26-96-63,Автомагазины,[],череповец
Автолэнд,+7 (8202) 31-19-09,Автомагазины,[],череповец
АВТОвсяЧИНА. 35,+7 (906) 299-22-77,Автомагазины,http://autovsyachina.ru/,череповец
Автолэнд,+7 (8202) 29-15-12,Автомагазины,http://avtoland35.ru/,череповец
Автозапчасти Hover,+7 (951) 735-11-80,Автомагазины,[],череповец
Автобип35,+7 (8202) 60-32-72,Автомагазины,[],череповец
Аста,+7 (8202) 29-88-21,Автомагазины,https://www.astaworld.ru/,череповец
Автолэнд,+7 (8202) 20-19-88,Автоаксессуары,http://avtoland35.ru/,череповец
Armax,+7 (8202) 20-11-50,Автомагазины,[],череповец
Прибамбас,+7 (911) 505-81-00,Автомагазины,http://pribambas35.ru/,череповец
ФорАвто,+7 (8202) 63-63-53,Автомагазины,[],череповец
Автотрак,+7 (8202) 29-12-81,Автомагазины,http://trak35.ru/,череповец
Детали машин ГАЗ,+7 (8202) 26-64-54,Автомагазины,[],череповец
Магазин Шоссе-транзит,+7 (8202) 55-72-66,Автомагазины,[],череповец
"Запчасти для а/м ВАЗ, Москвич",+7 (8202) 26-84-85,Автомагазины,[],череповец
Восток-авто,+7 (8202) 60-10-13,Автомагазины,[],череповец
Yulsun,+7 (900) 533-52-52,Автомагазины,http://yulsun.ru/,череповец
Пилот авто,+7 (8202) 52-20-30,Автомагазины,[],череповец
Аккумуляторы 60 Ампер,+7 (921) 723-36-23,Аккумуляторы и зарядные устройства,https://60amper.ru/,череповец
Autodoc.ru,+7 (8202) 74-47-77 (доб. 3),Автомагазины,https://www.autodoc.ru/,череповец
Автозапчасти на Шекснинском 16,+7 (911) 518-51-21,Автомагазины,[],череповец
Lada Dеталь,+7 (8202) 67-65-20,Автомагазины,https://lecar.ru/,череповец
12 Вольт на Архангельской,+7 (8202) 74-00-52,Автоаксессуары,https://12vt.ru/,череповец
All World Cars,+7 (8202) 73-02-20,Автомагазины,https://all-world-cars.com/,череповец
Cherzap.ru,+7 (911) 505-66-86,Автомагазины,http://cherzap.ru/,череповец
Emex,+7 (911) 501-01-80,Автомагазины,https://emex.ru/,череповец
Механик,+7 (8202) 29-16-82,Автомагазины,[],череповец
Детройт,+7 (911) 534-04-13,Автомагазины,[],череповец
Пятая передача,+7 (921) 680-90-07,Автомагазины,https://пятаяпередача.рф/changeoffice,череповец
Авто-формат 35,+7 (8202) 57-80-90,Автомагазины,[],череповец
Автозапчасть Камаз35,+7 (8202) 29-14-59,Автомагазины,http://www.azk35.ru/,череповец
Запчасти для грузовиков,+7 (921) 258-67-11,Автомагазины,[],череповец
Parts35,+7 (900) 544-20-00,Автомагазины,[],череповец
Магазин автозапчастей,+7 (8202) 54-69-61,Автомагазины,[],череповец
Razbor 35,+7 (921) 723-35-30,Автомагазины,[],череповец
Магазин автозапчастей и автотоваров,+7 (8202) 60-11-20,Автомагазины,[],череповец
Тмч,+7 (921) 258-67-10,Автомагазины,[],череповец
AutoHouse,+7 (995) 145-91-38,Автомагазины,[],череповец
Партнёр-Авто,+7 (8202) 55-24-95,Автомагазины,[],череповец
Parts Nexia,+7 (909) 598-87-39,Автомагазины,[],череповец
АКБ центр,+7 (8202) 63-35-33,Аккумуляторы и зарядные устройства,http://akb-centre.ru/,череповец
Автозапчасти АвтоЮвелир,+7 (911) 530-00-40,Автомагазины,[],череповец
Emex,+7 (8172) 33-82-00,Автомагазины,https://emex.ru/,череповец
Rossko,+7 (8202) 73-82-01,Автохимия,https://rossko.ru/,череповец
АвтоНашествие,+7 (951) 739-22-56,Автомагазины,http://vk.link/avtonashestviye,череповец
Детали Устали,+7 (921) 050-99-72,Автомагазины,[],череповец
Автозапчасти,+7 (921) 718-20-05,Автомагазины,[],череповец
Газель-Волга,+7 (8202) 32-22-02,Автомагазины,[],череповец
Scania+,+7 (900) 535-27-02,Автомагазины,[],череповец
Еврозапчасти,+7 (911) 521-70-07,Автомагазины,[],череповец
Шоссе-Транзит,+7 (8202) 30-24-24,Автомагазины,[],череповец
Avto Люкс,+7 (911) 505-82-08,Автомагазины,https://avtolux35.ru/,череповец
Parts Zone,+7 (953) 503-66-88,Автомагазины,[],череповец
Смарт-авто,+7 (921) 145-67-67,Автомагазины,[],череповец
АвтоГаз,+7 (921) 838-78-88,Автомагазины,https://www.автоимидж35.рф/,череповец
Кварта,+7 (8202) 60-15-15,Автомагазины,http://кварта35.рф/,череповец
Autozip,+7 (8202) 32-10-00,Автомагазины,[],череповец
Авто мото вело,+7 (921) 050-55-15,Автомагазины,[],череповец
АвтоВаз,+7 (931) 512-21-45,Автомагазины,[],череповец
МагистральПлюс,+7 (8202) 28-09-97,Автомагазины,[],череповец
Nik Pro,+7 (931) 512-21-45,Автомагазины,[],череповец
Аккумуляторный центр,+7 (8202) 60-00-19,Аккумуляторы и зарядные устройства,[],череповец
Авторазборка в Доке,+7 (921) 051-57-57,Автомагазины,[],череповец
ОптПрофи,+7 (921) 732-66-66 (доб. +7 (911) 505-44-40),Автомагазины,[],череповец
АвтоТехСнаб,+7 (921) 234-64-52,Автомагазины,[],череповец
АвтоZIP,+7 (8202) 61-07-08,Автомагазины,[],череповец
Автополка,+7 (915) 979-41-91,Автомагазины,https://autopolka.ru/,череповец
ТракСервис,+7 (8202) 30-20-50,Автомагазины,[],череповец
Автоблик,+7 (931) 512-66-05,Автомагазины,https://vk.link/public209501412,череповец
Автокомплект,+7 (8202) 61-02-22,Автомагазины,[],череповец
12 Вольт,+7 (8202) 74-00-53,Автосигнализация,[],череповец
Магазин Тракт,+7 (911) 530-04-10,Автомагазины,[],череповец
ДКсервис,+7 (921) 723-04-06,Автосервисы,https://sdk35.ru/,череповец
Арком,+7 (8202) 52-35-23,Кузовной ремонт,http://www.prestigno.ru/service/bodywork,череповец
СкладАвто,+7 (981) 500-83-33,Автомагазины,https://vk.link/sklad_auto35,череповец
Автозапчасти Американские грузовики,+7 (8202) 54-25-54,Автомагазины,https://bz35.ru/,череповец
Автозапчасти МАЗ,+7 (8202) 61-36-75,Автомагазины,[],череповец
Автозапчасти,+7 (911) 447-80-00,Автомагазины,[],череповец
Трактороцентр,+7 (8202) 29-16-82,Сельхозтехника,http://voltrak.ru/,череповец
Магазин Подшипники,+7 (8202) 61-02-20,Подшипники,[],череповец
"Запчасти к тракторам, погрузчикам, спецтехнике",+7 (911) 518-77-22,Автомагазины,[],череповец
Комиссионный магазин,+7 (996) 309-99-37,Автомагазины,[],череповец
АвтоСтеклоСервис,+7 (921) 723-00-30,Автостёкла,https://avto-steklo35.ru/,череповец
АвтоБазар,+7 (992) 280-91-95,Автомагазины,[],череповец
АвтоКругСпорт,+7 (921) 254-36-42,Спортинвентарь,[],череповец
Eva Style,+7 (921) 685-61-15,Автоаксессуары,[],череповец
Автодизель,+7 (8202) 29-60-74,Автомагазины,[],череповец
12 Вольт,+7 (8202) 74-54-44,Автосигнализация,[],череповец
Emex,+7 (911) 505-99-45,Автомагазины,[],череповец
Авто-партнёр,+7 (911) 505-40-55,Выкуп авто,[],череповец
Автоспектр35,+7 (921) 602-78-78,Автоателье,[],череповец
Zolla,+7 (8202) 20-32-22,Магазины одежды,https://zolla.com/our_stores/,череповец
Stones,+7 (8202) 57-71-48,Магазины одежды,https://magazin-stones.clients.site/,череповец
Мир Хенд,+7 (911) 518-57-57,Магазины одежды,https://mirhand.com/,череповец
Эврика,+7 (931) 512-34-13,Магазины одежды,[],череповец
Шмоточка,+7 (921) 251-98-49,Магазины одежды,[],череповец
Амулет,+7 (911) 508-36-04,Магазины одежды,[],череповец
Shatte,+7 (4852) 60-76-01,Магазины одежды,https://shatte.ru/,череповец
Одевай-ка,+7 (921) 251-98-49,Магазины одежды,[],череповец
Казанова,+7 (921) 837-02-64,Магазины одежды,[],череповец
Лина,+7 (900) 504-72-23,Магазины одежды,[],череповец
Секонд-хенд ВО! ВА!,+7 (963) 355-29-76,Секонд-хенды,https://www.sh-vova.ru/,череповец
Benaffetto,+7 (8202) 32-30-50,Магазины одежды,[],череповец
Хаки,+7 (921) 539-74-73,"Военная экипировка, снаряжение",http://xakee.ru/,череповец
Козетта,+7 (911) 523-71-03,Магазины одежды,[],череповец
СИН,+7 (499) 653-55-65 (доб. 6412765),Магазины одежды,https://www.fesretail.com/,череповец
Пафия,+7 (981) 444-66-94,Магазины одежды,[],череповец
Одевай-ка,+7 (8202) 74-04-44,Магазины одежды,[],череповец
Zolla,+7 (8202) 20-50-47,Магазины одежды,https://zolla.com/,череповец
Семейка,+7 (911) 505-66-19,Магазины одежды,[],череповец
Distore,+7 (981) 500-53-55,Магазины одежды,[],череповец
Гранд Bazar,+7 (921) 732-31-31,Магазины одежды,[],череповец
Фасон,+7 (8202) 57-84-54,Магазины одежды,[],череповец
ХК Северсталь,+7 (8202) 30-17-95,Магазины подарков,http://severstalclub.ru/,череповец
Мега Планета,+7 (967) 634-27-27,Магазины одежды,[],череповец
Лина,+7 (900) 504-72-21,Магазины одежды,[],череповец
Stones,+7 (8202) 32-31-18,Магазины одежды,[],череповец
Одевай--ка,+7 (8202) 74-04-44,Магазины одежды,[],череповец
Аппарэль,+7 (921) 254-07-93,Магазины одежды,[],череповец
Mark Formelle,+7 (906) 292-24-33,Магазины одежды,https://markformelle.ru/,череповец
Штайльманн,+7 (8202) 57-54-05,Магазины одежды,http://www.steilmann.ru/,череповец
Лина,+7 (900) 504-72-26,Магазины одежды,[],череповец
Козетта,+7 (981) 427-30-87,Одежды больших размеров,[],череповец
Спецодежда,+7 (8202) 57-67-67,Спецодежда,http://so-vologda.ru/,череповец
Алиса,+7 (921) 681-82-32,Магазины одежды,https://taplink.cc/alisache,череповец
Лале Антилоп,+7 (8202) 20-23-69,Магазины кожи и меха,https://cherepovets.laleantilop.ru/,череповец
Атлас,+7 (963) 051-10-16,Магазины обуви,[],череповец
StandOut,+7 (909) 595-85-62,Магазины одежды,[],череповец
Aleksa,+7 (900) 559-60-33,Магазины одежды,[],череповец
Look style,+7 (931) 512-21-82,Магазины одежды,[],череповец
Santana City,+7 (951) 730-60-35,Магазины одежды,[],череповец
Diva,+7 (921) 251-54-34,Магазины одежды,[],череповец
Мульти Бренд,+7 (921) 717-27-55,Магазины одежды,[],череповец
Козетта,+7 (911) 524-10-36,Одежды больших размеров,http://kozetta-ladyxl.ru/,череповец
Постельково,+7 (8202) 29-55-14,Магазины одежды,[],череповец
Лара,+7 (8202) 31-18-02,Джинсовая одежда,[],череповец
Клеопатра,+7 (921) 251-45-86,Магазины одежды,https://vk.link/shop_kleopatra,череповец
Бутик Парад,+7 (8202) 54-01-94,Магазины одежды,[],череповец
Капель,+7 (964) 662-61-06,Магазины одежды,[],череповец
Lolla Showroom,+7 (900) 502-73-12,Магазины одежды,[],череповец
Two Sellers,+7 (905) 298-08-75,Магазины одежды,[],череповец
Levi's,+7 (8202) 73-11-04,Джинсовая одежда,[],череповец
Модерн,+7 (8202) 24-22-98,Джинсовая одежда,[],череповец
Mark Formelle,+7 (903) 807-72-09,Магазины одежды,https://markformelle.ru/,череповец
FreeStyle,+7 (981) 104-73-69,Магазины одежды,[],череповец
Королева,+7 (921) 549-96-08,Магазины одежды,[],череповец
Шарм,+7 (8202) 52-20-20,Магазины одежды,[],череповец
Континент,+7 (921) 056-33-61,Магазины одежды,[],череповец
Магия моды Белорусская женская одежда,+7 (921) 733-69-67,Магазины одежды,[],череповец
Про. стор,+7 (981) 422-51-55,Магазины одежды,[],череповец
Находка,+7 (921) 133-25-49,Магазины одежды,[],череповец
Классик,+7 (8202) 55-56-02,Магазины одежды,[],череповец
Mister,+7 (951) 739-67-00,Магазины одежды,[],череповец
Merci Store,+7 (995) 033-98-81,Магазины одежды,https://mercistore.ru/,череповец
Mark Formelle,+7 (960) 297-78-22,Магазины одежды,https://markformelle.ru/,череповец
Whitelen,+7 (951) 736-55-28,Магазины одежды,[],череповец
VelVet,+7 (953) 522-04-35,Магазины одежды,[],череповец
КоМод,+7 (921) 547-56-06,Магазины одежды,[],череповец
Serginnetti,+7 (911) 505-60-67,Магазины одежды,https://serginnetti.ru/,череповец
Женский парк,+7 (8202) 60-27-00,Магазины одежды,[],череповец
Гармония,+7 (8202) 26-84-63,Магазины обуви,[],череповец
New Time,+7 (981) 504-48-83,Магазины одежды,[],череповец
4 Сезона,+7 (921) 254-87-40,Магазины одежды,[],череповец
One Advice,+7 (911) 544-00-07,Магазины одежды,[],череповец
Whitelen,+7 (911) 546-71-86,Магазины одежды,[],череповец
Staff,+7 (931) 510-75-52,Магазины одежды,[],череповец
Vavilon,+7 (900) 509-44-77,Магазины одежды,[],череповец
Аппарэль,+7 (921) 123-43-74,Магазины одежды,[],череповец
Изюм,+7 (953) 505-45-00,Магазины одежды,[],череповец
Техас,+7 (8202) 32-07-36,Джинсовая одежда,[],череповец
Fashion Boutique,+7 (964) 305-79-79,Магазины одежды,[],череповец
Ольга,+7 (911) 507-33-85,Магазины одежды,[],череповец
Arwear,+7 (921) 054-20-06,Магазины одежды,[],череповец
Паскаль,+7 (951) 730-34-53,Магазины одежды,[],череповец
BEcollection,+7 (911) 508-82-93,Магазины одежды,https://becollection.store/,череповец
Green Mountain,+7 (995) 920-88-64,Магазины одежды,[],череповец
Кроссовки Hall,+7 (951) 740-24-43,Магазины обуви,[],череповец
Stand out che,+7 (911) 441-07-45,Магазины одежды,[],череповец
Сталкер,+7 (921) 059-29-05,Одежды больших размеров,[],череповец
Мила,+7 (921) 733-05-64,Магазины одежды,[],череповец
Богатырь,+7 (951) 745-37-34,Одежды больших размеров,[],череповец
Стильная точка,+7 (911) 516-80-29,Магазины одежды,[],череповец
Dolce Vita,+7 (923) 608-69-29,Магазины одежды,[],череповец
And One,+7 (900) 659-85-24,Магазины одежды,[],череповец
Sport Line,+7 (921) 132-24-67,Магазины одежды,[],череповец
In trend,+7 (921) 251-54-34,Магазины одежды,[],череповец
Бетти,+7 (8202) 60-96-00,Магазины одежды,[],череповец
Техас,+7 (8202) 26-96-91,Джинсовая одежда,[],череповец
Fiery wear,+7 (953) 507-36-46,Магазины одежды,[],череповец
Сударыня,+7 (921) 542-42-91,Одежды больших размеров,[],череповец
Бульвар,+7 (921) 054-37-79,Магазины одежды,[],череповец
La mia Italia,+7 (964) 577-28-28,Магазины одежды,[],череповец
Селена,+7 (962) 669-99-46,Магазины одежды,[],череповец
NortBloom,+7 (8202) 62-62-19,Верхняя одежда,[],череповец
Дежавю,+7 (909) 595-56-74,Магазины одежды,[],череповец
Lotus,+7 (953) 524-00-66,Магазины одежды,[],череповец
L'Appartamento Rs,+7 (921) 532-21-35,Магазины одежды,[],череповец
АС Мультибренд,+7 (900) 535-30-32,Магазины одежды,[],череповец
