company_name,company_number,category,website
Odc студия веб-дизайна,+7 (953) 939-37-70,Веб-дизайн,[]
Bold Print,+7 (953) 264-87-86,Полиграфия,http://boldprint.vsite.biz/
ЕвроАвто,+7 (921) 471-52-88,Автосервисы,https://arhangelsk.euroauto.ru/
Премио,+7 (911) 570-06-86,Автосервисы,[]
Usave Auto,+7 (965) 731-08-91,Автосервисы,https://usave.ru/
Автостудия Архангельск,+7 (911) 554-85-90,Автосервисы,https://autostudio29.ru/
Стандарт-авто,+7 (911) 557-03-65,Автосервисы,[]
Гараж 29,+7 (921) 720-47-03,Автосервисы,[]
Nord,+7 (953) 936-82-15,Автосервисы,[]
Автосервис Северный,+7 (953) 932-93-21,Автосервисы,[]
Ars-сервис,+7 (953) 934-37-89,Автосервисы,[]
Ресурс Авто,+7 (921) 080-51-96,Автосервисы,https://resursauto.com/
Р Сервис,+7 (960) 001-77-47,Автосервисы,http://автосервис29.рф/
Вэй А5 Авто,+7 (921) 491-39-29,Автосервисы,https://vk.link/way_a5_avto
AutoStart,+7 (909) 553-50-56,Автосервисы,[]
Автосервис 3D,+7 (964) 294-95-28,Автосервисы,https://vk.link/avtoservice3d
Гранд Авто,+7 (911) 554-44-08,Автосервисы,[]
Corvette,+7 (953) 937-76-64,Шиномонтажи,[]
Euromotors,+7 (996) 463-35-18,Автосервисы,http://euromotors29.ru/
Автоэлектрик29.рф,+7 (950) 255-18-18,Автосервисы,https://автоэлектрик29.рф/
Кичсервис,+7 (962) 665-35-35,Автосервисы,[]
Бокс 9,+7 (931) 401-82-95,Автосервисы,[]
Автосервис,+7 (911) 569-08-78,Автосервисы,[]
Auto House,+7 (967) 479-12-27,Автосервисы,[]
Topservice,+7 (911) 594-18-18,Автосервисы,https://oto-register.autoins.ru/pto/#pto=79194
Колесо,+7 (911) 594-85-40,Автосервисы,[]
L-Auto,+7 (921) 082-16-87,Автосервисы,https://l-auto-ulica-kasatkinoy.clients.site/
Land Rover & иномарки,+7 (911) 597-40-40,Автосервисы,[]
Автокар,+7 (911) 555-14-13,Автосервисы,[]
Мастеровой,+7 (911) 556-81-41,Автосервисы,[]
Артэк,+7 (963) 200-44-07,Автосервисы,https://artek.st/
КарданСервис,+7 (921) 249-78-66,Ремонт карданных валов,https://kardanservis.ru/?region=29&utm_campaign=kardan_business_apx&utm_content={ad_id}&utm_medium=cpc&utm_source=yandex&utm_term={keyword}
BMW Garage,+7 (911) 554-88-34,Автосервисы,[]
Арпас,+7 (965) 734-70-10,Пункты техосмотра,http://to29.ru/
Граальавто,+7 (921) 082-96-44,Автосервисы,[]
Hd Motors,+7 (900) 911-30-91,Автосервисы,[]
Strela,+7 (999) 250-97-22,Автосервисы,https://avtoservis-strelkovaja-ulitsa.clients.site/
Форсаж,+7 (902) 504-19-19,Автосервисы,[]
Gs Studio,+7 (911) 587-59-28 (доб. 695999),Автосервисы,[]
Victoria Auto,+7 (902) 286-15-23,Автосервисы,[]
Strela,+7 (999) 250-97-22,Автосервисы,https://avtoservis-strelkovaja-ulitsa.clients.site/
ГаражНаЧас,+7 (911) 554-53-44,Автосервисы,https://garaznachas.ru/
Автор,+7 (993) 753-60-07,Шиномонтажи,http://автор29.рф/
Dionis,+7 (999) 250-40-94,Автосервисы,[]
АвтоКомплекс Н3,+7 (902) 286-44-83,Автомойки,[]
Бендикс,+7 (902) 504-57-28,Ремонт двигателей,[]
Автокомплекс на Малиновского,+7 (902) 286-14-34,Автосервисы,https://автокомплекс-29.рф/
AutoZone,+7 (960) 015-20-00,Автосервисы,[]
Bi-Bi,+7 (902) 195-11-44,Автосервисы,[]
Мой Гараж,+7 (960) 014-08-88,Автосервисы,[]
Авторемонт,+7 (921) 814-94-57,Кузовной ремонт,[]
Next,+7 (921) 240-35-05,Автосервисы,[]
"Автосервис, автотехцентр",+7 (921) 815-24-11,Автосервисы,[]
Автосервис29,+7 (962) 660-20-77,Автосервисы,[]
ИнРуСервис,+7 (960) 007-24-74,Автосервисы,http://inruzapchast.ru/
K&k,+7 (931) 402-04-14,Автосервисы,[]
АвтоLab,+7 (929) 141-91-00,Автосервисы,[]
Архмотордеталь-Сервис,+7 (921) 600-08-74,Тахографы,http://amds29.ru/
Робот-мойка,+7 (902) 702-80-80,Автомойки,[]
Чипанутые.рф,+7 (911) 558-51-58,Тюнинг,[]
Дизельгараж.рф,+7 (921) 720-52-76,Автосервисы,[]
K&k,+7 (931) 402-04-14,Ремонт двигателей,[]
ШинМастер,+7 (953) 933-56-56,Шиномонтажи,[]
АвтоЭксперт,+7 (965) 733-26-28,Автосервисы,[]
BMW Chip,+7 (950) 962-11-33,Автосервисы,[]
Комплекс,+7 (909) 556-04-35,Шиномонтажи,[]
Авто-Эксперт,+7 (921) 084-14-67,Автосервисы,https://avto-ekspert-ulica-nikitova.clients.site/
Орион Сервис,+7 (911) 675-54-97,Автосервисы,[]
НордКранСервис,+7 (911) 682-46-60,Автосервисы,http://норд-безопасность.рф/
Шамансервис,+7 (993) 753-70-62,Автосервисы,[]
ГрузМастер,+7 (911) 554-30-19,Автогрузоперевозки,http://www.gruzmaster29.ru/
Avto,+7 (921) 081-79-64,Автосервисы,https://avto-ulica-ordzhonikidze.clients.site/
Авторемонтная мастерская,+7 (921) 495-60-33,Автосервисы,[]
Black Station,+7 (902) 196-66-69,Автосервисы,[]
Автолюкс,+7 (953) 260-80-29,Шиномонтажи,[]
Tehnozona,+7 (911) 567-74-81,Автосервисы,[]
X-treme motors,+7 (911) 681-21-00,Автосервисы,[]
ГраНаДа,+7 (999) 168-36-29,Автосервисы,[]
Комплекс,+7 (909) 556-04-35,Шиномонтажи,[]
X-Drive,+7 (950) 259-28-07,Автосервисы,[]
Авиком-Норд,+7 (902) 286-66-72,Автосервисы,http://pctrade.ru/
ШинСервис,+7 (952) 304-02-22,Шины и диски,http://arhshinservice.ru/
Сход-развал,+7 (921) 495-60-33,Автосервисы,[]
Водородинг,+7 (902) 286-37-96,Автосервисы,[]
Свой гараж,+7 (952) 300-20-50,Автосервисы,[]
Шиномонтаж,+7 (902) 701-87-87,Шиномонтажи,[]
AutoBC Repair,+7 (999) 168-87-97,Автосервисы,[]
Saab,+7 (960) 016-54-54,Автосервисы,[]
ГАЗ,+7 (960) 007-24-74,Автомагазины,http://inruzapchast.ru/
Dvork servis-avto,+7 (950) 251-95-52,Автосервисы,[]
Шиномонтаж,+7 (911) 553-46-11,Шиномонтажи,[]
Шинпомощь,+7 (953) 260-60-05,Шиномонтажи,[]
Автомастерская,+7 (964) 290-66-77,Автосервисы,[]
Форест центр,+7 (921) 673-04-02,Спецтехника,http://forestcentr.ru/
Д&к,+7 (911) 556-41-79,Автосервисы,[]
Grass,+7 (963) 200-47-42,Автомойки,[]
Колесо,+7 (950) 257-11-33,Шиномонтажи,https://koleso-moskovskij-prospekt.clients.site/
Шиномонтажная мастерская,+7 (953) 937-62-48,Шиномонтажи,[]
Шиномонтажная мастерская,+7 (911) 553-17-21,Шиномонтажи,[]
ШинСервис,+7 (911) 554-57-16,Шины и диски,http://arhshinservice.ru/
ШинСервис,+7 (953) 930-43-34,Шины и диски,http://arhshinservice.ru/
Шиномонтажная мастерская,+7 (931) 410-94-57,Шиномонтажи,[]
Чип тюнинг АрхЧип,+7 (909) 555-57-70,Тюнинг,https://arhchip.ru/
Шиномонтаж,+7 (911) 594-22-42,Шиномонтажи,[]
Шиномонтаж,+7 (964) 301-32-94,Шиномонтажи,[]
Шиномонтаж на Коммунальной,+7 (921) 075-84-84,Шиномонтажи,[]
Шиномонтажная мастерская,+7 (953) 261-14-80,Шиномонтажи,[]
Шиномонтаж,+7 (911) 564-86-99,Шиномонтажи,[]
Магнумавто,+7 (911) 554-21-22,Шиномонтажи,[]
Шиномонтажная мастерская,+7 (902) 286-62-02,Шиномонтажи,[]
ColorGlo,+7 (921) 472-29-60,Автоателье,[]
София,+7 (902) 704-68-88,Агентства недвижимости,https://www.megapol.ru/office/418
Архнедвижимость,+7 (911) 594-88-88,Агентства недвижимости,https://arhnedvizhimost.ru/
Перспектива 24,+7 (906) 280-64-89,Агентства недвижимости,[]
Белое море,+7 (960) 009-29-99,Агентства недвижимости,http://белоеморе29.рф/
Архангельский Городской центр Недвижимости,+7 (909) 556-03-73,Агентства недвижимости,http://agcn.ru/
Уютный дом,+7 (950) 660-18-79,Агентства недвижимости,[]
Гранд Норд,+7 (921) 247-38-34,Агентства недвижимости,[]
Баринн,+7 (911) 554-03-88,Агентства недвижимости,https://arhangelsk.barinn.ru/online/
Результат,+7 (921) 242-55-41,Агентства недвижимости,https://vk.link/rezultat_realty
Kakdoma29,+7 (921) 290-40-40,Агентства недвижимости,http://kakdoma29.ru/
Северная столица,+7 (902) 286-20-72,Агентства недвижимости,[]
Полезные Люди,+7 (911) 577-77-00,Агентства недвижимости,[]
Самолет Плюс,+7 (911) 554-11-33,Агентства недвижимости,https://samoletplus.ru/
Перемена,+7 (909) 556-05-25,Агентства недвижимости,[]
Северный город,+7 (921) 244-59-20,Агентства недвижимости,[]
Риэлтор Макс,+7 (902) 194-44-44,Агентства недвижимости,http://realtormaks.ru/
Счастливый дом,+7 (921) 243-67-76,Агентства недвижимости,[]
Партнер Недвижимость,+7 (905) 293-09-99,Агентства недвижимости,[]
Город 29,+7 (960) 005-99-07,Агентства недвижимости,[]
Златоград,+7 (960) 010-17-10,Агентства недвижимости,[]
Коммерческая недвижимость,+7 (963) 200-33-03,Агентства недвижимости,http://akn29.ru/
Квартет,+7 (921) 245-87-65,Агентства недвижимости,http://kvartet29.ru/
Атриум,+7 (964) 301-74-76,Агентства недвижимости,[]
Гарантия,+7 (905) 873-56-12,Агентства недвижимости,[]
Аргос,+7 (962) 659-06-19,Агентства недвижимости,[]
7 Этаж,+7 (911) 670-41-78,Агентства недвижимости,[]
Риэлтор 29,+7 (902) 504-52-51,Агентства недвижимости,https://rieltor29.clients.site/
Бюро недвижимости № 1,+7 (906) 281-80-18,Агентства недвижимости,[]
Финансовые партнеры,+7 (911) 554-36-06,Ипотека,https://fin-partner.toprealtors.ru/
Восхождение,+7 (906) 285-74-09,Агентства недвижимости,[]
Недвижимость 29,+7 (952) 309-58-10,Агентства недвижимости,[]
Недвижимость Поморья,+7 (952) 250-83-20,Агентства недвижимости,[]
M O N O L i T,+7 (995) 397-19-96,Агентства недвижимости,[]
Nord Home,+7 (909) 550-78-38,Агентства недвижимости,[]
500 Квартир,+7 (953) 260-38-81,Агентства недвижимости,[]
Золотой Ключик,+7 (911) 554-44-16,Гостиницы,https://hotel29.ru/
Аренс,+7 (902) 193-48-32,Агентства недвижимости,[]
Marlin,+7 (921) 243-02-24,Агентства недвижимости,[]
Архнедвижимость,+7 (911) 594-88-88,Агентства недвижимости,[]
Меркурий,+7 (962) 659-94-41,Агентства недвижимости,[]
Арбат,+7 (921) 481-27-38,Агентства недвижимости,[]
СЗ Новый район,+7 (911) 594-03-93,Агентства недвижимости,[]
Авеню,+7 (964) 290-92-20,Агентства недвижимости,[]
CraftBeery,+7 (900) 920-18-92,"Бары, пабы",http://craftbeery.ru/
Яма,+7 (911) 553-61-62,"Бары, пабы",https://braumeister.pro/yama
БрауМастер,+7 (911) 598-55-35,Рестораны,https://braumeister.pro/kabinet
Igloobar,+7 (911) 554-88-38,Рестораны,[]
Карлз бар,+7 (964) 298-02-40,"Бары, пабы",[]
Помор,+7 (900) 917-46-91,Магазины пива,[]
Beer & Honey,+7 (902) 286-71-97,"Бары, пабы",[]
Миндаль,+7 (964) 301-63-53,Кафе,http://mymindal.ru/
У фонаря,+7 (965) 730-29-77,"Бары, пабы",[]
Живое разливное,+7 (902) 709-50-79,"Бары, пабы",https://sinboroda.ru/
Пивной цех,+7 (952) 258-95-37,Магазины пива,[]
Светлое & Тёмное,+7 (900) 911-02-65,Магазины пива,https://sinboroda.ru/
Пуговка,+7 (962) 662-51-15,Магазины рукоделия,[]
"Нитки, пряжа",+7 (911) 557-86-89,Магазины рукоделия,[]
Центральная ветеринарная клиника,+7 (965) 734-77-36,Ветклиники,https://cvc29.ru/
9 Жизней,+7 (963) 200-43-23,Ветклиники,https://www.девятьжизней.рф/
Мансарда,+7 (921) 293-86-89,Гостиницы,https://hotel-mansarda.ru/
Пур-Наволок,+7 (911) 594-10-00,Гостиницы,[]
Серафима,+7 (911) 554-13-14,Гостиницы,https://serafima29.ru/
Apart House СМ,+7 (921) 070-77-88,Гостиницы,https://novgorodskiy87.ru/
МакаровЪ,+7 (965) 733-38-88,Гостиницы,https://makarovhotel.ru/
АэроОтель,+7 (911) 875-32-14,Гостиницы,http://arhaerohotel.ru/
Отель на Воскресенской,+7 (960) 010-00-30,Гостиницы,[]
Apart House,+7 (931) 415-74-11,Гостиницы,http://novgorodskiy87.ru/
Гостиница Поморский,+7 (906) 281-86-85,Гостиницы,[]
Roomi,+7 (931) 401-00-00,Гостиницы,https://roomi.one/
Мини-отель в центре,+7 (950) 258-35-00,Гостиницы,[]
Альянс,+7 (911) 870-20-20,Гостиницы,[]
Золотой Ключик,+7 (911) 554-44-16,Гостиницы,https://hotel29.ru/
Посутка29 Первый,+7 (921) 240-81-23,Гостиницы,[]
Апартаменты Hygge Room,+7 (902) 507-08-33,Гостиницы,[]
Апартаменты Синяя Студия с Панорамным Окном,+7 (911) 585-91-01,Гостиницы,[]
Апартаменты на Проспекте Ломоносова 181,+7 (911) 554-16-95,Гостиницы,[]
Апартаменты на Ломоносова 119,+7 (911) 554-03-88,Гостиницы,[]
Апартаменты на Урицкого,+7 (902) 286-22-21,Гостиницы,[]
Гостевой дом Дом-баня Пар и веник,+7 (921) 240-81-23,Гостиницы,[]
Апартаменты на Воскресенской 114,+7 (911) 554-16-95,Гостиницы,[]
Апартаменты в Архангельске,+7 (921) 245-16-70,Гостиницы,[]
Апартаменты на Воскресенской 59,+7 (911) 554-16-95,Гостиницы,[]
Апартаменты 1 Комнатная на Ломоносова,+7 (909) 553-46-51,Гостиницы,[]
Апартаменты Баринн на Обводном 29,+7 (911) 554-16-95,Гостиницы,[]
Апартаменты Баринн на Ломоносова 177,+7 (911) 554-16-95,Гостиницы,[]
Favorite House On 10 Timme Street,+7 (909) 553-46-51,Гостиницы,[]
Апартаменты Студия 2,+7 (909) 553-46-51,Гостиницы,[]
Апартаменты 247,+7 (962) 662-99-99,Гостиницы,[]
Меблированные комнаты Посутка29 Космос большой,+7 (921) 240-81-23,Гостиницы,[]
Апартаменты Студия Барин на Воскресенской 55,+7 (911) 554-03-88,Гостиницы,[]
Апартаменты Квартира Баринн на Гайдара 57,+7 (911) 554-16-95,Гостиницы,[]
Апартаменты Зелёная квартира с потрясающим видом,+7 (904) 551-12-98,Гостиницы,[]
Апартаменты Central 3 Rooms,+7 (952) 309-06-79,Гостиницы,[]
Жилое Помещение Комсомолочка,+7 (909) 553-46-51,Гостиницы,[]
Апартаменты Желтая Студия с панорамным окном,+7 (904) 551-12-98,Гостиницы,[]
Апартаменты Баринн на Обводном 76,+7 (911) 554-16-95,Гостиницы,[]
Odnushka Na Pomorskoy Lodging house,+7 (995) 397-18-27,Гостиницы,[]
Аэропорт,+7 (901) 966-35-64,Гостевые дома,[]
А-Дизайн,+7 (953) 932-99-29,Дизайн интерьеров,http://adesign29.com/
Naada Design,+7 (911) 684-85-66,Дизайн интерьеров,[]
Бюро Мм,+7 (900) 919-79-29,Дизайн интерьеров,https://taplink.cc/buro_mm
Нью-Грейд,+7 (953) 933-02-11,Дизайн интерьеров,https://new-grade.ru/
Рио29,+7 (911) 584-57-89,Ремонт и отделка,[]
Marka,+7 (921) 073-10-04,Дизайн интерьеров,https://markainterior.ru/
Loft Look,+7 (960) 001-08-96,Столярные работы,https://loftlook.ru/
Кантри-Стиль,+7 (902) 701-95-21,Дизайн интерьеров,http://country29.ru/
Namalevich,+7 (965) 732-29-29,Светильники,[]
Артифекс,+7 (902) 507-53-30,Ремонт и отделка,[]
Архкуб,+7 (911) 598-85-99,Проектные организации,http://archqb.ru/
Студия интерьера Катерины Михиной,+7 (906) 284-84-82,Дизайн интерьеров,[]
Атмосфера,+7 (962) 664-54-87,Дизайн интерьеров,http://atmosfera29.tilda.ws/
Marka,+7 (960) 007-53-44,Дизайн интерьеров,https://markainterior.ru/
Chemeris Studio,+7 (953) 934-77-45,Дизайн интерьеров,https://chemeris.pro/
Атмосфера,+7 (962) 664-54-87,Дизайн интерьеров,http://atmosfera29.tilda.ws/
Студия ремонта Александра Богданова,+7 (964) 295-38-00,Ремонт и отделка,https://stydiaremonta29.ru/
Декор буржуа,+7 (905) 873-56-73,Дизайн интерьеров,[]
Детали,+7 (921) 241-47-72,Дизайн интерьеров,[]
Бюро интерьер & текстиль,+7 (911) 686-42-19,Шторы,[]
Союз-Техно,+7 (911) 058-14-95,Ремонт и отделка,[]
Irina Burch,+7 (911) 554-71-44 (доб. +79021903698),Магазины мебели,[]
Зооландия,+7 (962) 662-22-26,Ветаптеки,https://arh.зооландия.рф/
Космозоо,+7 (964) 299-32-33,Зоомагазины,[]
Petshop.ru,+7 (960) 000-90-45,Зоомагазины,https://www.petshop.ru/
Кот и пёс,+7 (911) 678-93-02,Зоомагазины,https://zooshop.club/
Чемпион,+7 (921) 720-58-60,Зоомагазины,https://taplink.cc/chempion29
Космозоо,+7 (964) 301-20-04,Зоомагазины,[]
Кот и пёс,+7 (911) 678-93-07,Зоомагазины,[]
АкваРим,+7 (909) 553-24-63,Аквариумы,http://www.akvarim29.ru/
29зoo,+7 (965) 734-76-17,Зоомагазины,https://husse.uds.app/c/goods
Чемпион,+7 (931) 403-70-27,Зоомагазины,https://taplink.cc/chempion29
ВетЗооРай,+7 (911) 681-09-74,Зоомагазины,[]
Семицветик,+7 (965) 733-36-03,Зоомагазины,https://29semicvetik.orgs.biz/
Ветзоорай,+7 (911) 554-02-64,Зоомагазины,[]
Чемпион,+7 (921) 811-47-88,Зоомагазины,https://taplink.cc/chempion29
Чемпион,+7 (921) 479-97-15,Зоомагазины,https://taplink.cc/chempion29
ЗооБум,+7 (911) 677-74-55,Зоомагазины,[]
Чемпион,+7 (921) 492-95-53,Зоомагазины,https://taplink.cc/chempion29
Чемпион,+7 (921) 086-15-72,Зоомагазины,https://taplink.cc/chempion29
ЗооБум,+7 (911) 598-97-67,Зоомагазины,[]
Чемпион,+7 (921) 670-54-46,Зоомагазины,https://taplink.cc/chempion29
Хвостик,+7 (952) 251-68-71,Зоомагазины,[]
Хвостик,+7 (991) 545-12-51,Ветклиники,https://centr-hvostik.ru/?utm_source=yandex_maps
ВетЗооРай,+7 (911) 598-18-05,Ветаптеки,[]
Лап-Усик,+7 (911) 682-02-01,Зоомагазины,[]
Зоомаркет Cash&Carry,+7 (960) 019-19-16,Зоотовары оптом,http://s-vet29.ru/
Зоотовары,+7 (952) 252-51-92,Зоомагазины,[]
Кот и пёс,+7 (911) 670-01-49,Зоомагазины,https://zooshop.club/
Центральная ветеринарная клиника,+7 (965) 734-77-36,Ветклиники,https://cvc29.ru/
Кот и пёс,+7 (960) 008-06-47,Зоомагазины,[]
ХвостУшки,+7 (964) 685-13-50,Зоомагазины,[]
Студия груминга Ольги Марченко,+7 (909) 550-40-30,Зоосалоны,[]
Артемон,+7 (921) 494-77-94,Зоосалоны,[]
Флора и Фауна,+7 (911) 578-64-39,Зоомагазины,[]
Доктор Вет,+7 (960) 015-40-10,Ветклиники,[]
Светофор,+7 (960) 010-60-79,Магазины продуктов,https://svetoforonline.ru/
Продукты,+7 (962) 662-94-00,Супермаркеты,[]
Петровский,+7 (909) 556-01-86,Магазины продуктов,[]
Гарант,+7 (962) 662-21-53,Магазины продуктов,http://garant21.ru/
Петровский,+7 (909) 556-01-86,Магазины продуктов,https://петромост.рф/
Продукты,+7 (962) 661-07-60,Магазины продуктов,[]
Продукты,+7 (962) 661-71-73,Супермаркеты,[]
Петровский,+7 (909) 556-01-86,Магазины продуктов,[]
Чёрный кот,+7 (931) 514-08-71,Магазины хозтоваров,http://www.black-kot.ru/
Союз,+7 (952) 302-43-64,Супермаркеты,https://тс-союз.рф/
Гарант,+7 (962) 659-74-97,Магазины продуктов,[]
Красное&Белое,+7 (922) 703-30-00,Алкогольные напитки,https://krasnoeibeloe.ru/
Апрель,+7 (911) 591-67-56,Молочные магазины,[]
Лико,+7 (953) 264-10-30,Магазины продуктов,[]
Петровский,+7 (909) 556-01-86,Продуктовые гипермаркеты,https://петромост.рф/
Двинские традиции,+7 (921) 479-88-34,Кондитерские,[]
Продукты,+7 (962) 662-94-00,Магазины продуктов,[]
Океан,+7 (911) 554-41-42,Рыбы и морепродукты,[]
Продукты,+7 (962) 659-35-71,Супермаркеты,[]
Чёрный кот,+7 (931) 514-08-62,Супермаркеты,[]
Светофор,+7 (902) 191-15-55,Магазины продуктов,https://svetoforonline.ru/
Апрель,+7 (953) 261-93-77,Мясные магазины,[]
Петровский,+7 (909) 556-01-86,Магазины продуктов,https://петромост.рф/
Мясной,+7 (953) 269-23-87,Мясные магазины,[]
Финские товары,+7 (921) 479-93-88,Магазины продуктов,[]
Петровский,+7 (909) 556-01-86,Магазины продуктов,https://петромост.рф/
Апрель,+7 (952) 301-46-77,Мясные магазины,[]
Двинские традиции,+7 (921) 479-88-34,Пекарни,[]
Петровский,+7 (909) 556-01-86,Магазины продуктов,https://петромост.рф/
Подкрышечку,+7 (911) 655-11-45,Магазины пива,https://podkr.ru/
Дом Армении,+7 (909) 556-00-60,Магазины продуктов,[]
Fishka,+7 (911) 685-86-65,Рыбы и морепродукты,[]
Двинские традиции,+7 (921) 479-88-34,Кулинарии,[]
Фруктоша,+7 (921) 077-95-91,Овощные магазины,[]
Каргополочка,+7 (902) 191-13-51,Магазины продуктов,[]
Свежие мясо,+7 (981) 556-18-59,Магазины продуктов,[]
Петровский,+7 (909) 556-01-86,Магазины продуктов,[]
Петровский,+7 (909) 556-01-86,Супермаркеты,[]
Петровский,+7 (909) 556-01-86,Магазины продуктов,https://петромост.рф/
Петровский,+7 (909) 556-01-86,Магазины продуктов,https://петромост.рф/
Архфиш,+7 (921) 084-91-31,Рыбы и морепродукты,[]
Рыба,+7 (952) 301-56-43,Магазины продуктов,[]
Фруктоша,+7 (921) 077-95-91,Овощные магазины,[]
Продукты,+7 (950) 661-59-41,Магазины продуктов,[]
Фрукты и овощи,+7 (999) 250-63-53,Овощные магазины,[]
Centr Suhofruktov,+7 (962) 662-77-77,Снеки,[]
Магазин сыров и мясных деликатесов,+7 (911) 681-33-13,Магазины сыров,[]
Фруктоша,+7 (921) 077-95-91,Овощные магазины,[]
Фруктовый рай,+7 (911) 870-42-91,Овощные магазины,[]
Магазин овощей и фруктов,+7 (921) 491-71-01,Овощные магазины,[]
Фрутик,+7 (964) 301-74-31,Овощные магазины,[]
Центр сухофруктов,+7 (911) 583-32-93,Овощные магазины,[]
Фрукты овощи,+7 (900) 918-18-19,Овощные магазины,[]
Фруктовый рай,+7 (911) 870-42-91,Овощные магазины,[]
Фруктоша,+7 (921) 077-95-91,Овощные магазины,[]
Фруктовый Рай,+7 (911) 870-42-91,Снеки,[]
Онежская молочная продукция,+7 (911) 559-30-56,Молочные магазины,[]
Фруктоша,+7 (921) 077-95-91,Овощные магазины,[]
Фруктовый Рай,+7 (911) 870-42-91,Овощные магазины,[]
Мясо,+7 (911) 553-27-70,Мясные магазины,[]
OneWay Lounge,+7 (967) 479-11-33,Кальян-бары,[]
Mist,+7 (921) 487-01-12,Кальян-бары,http://mist29.tilda.ws/#rec602673869
Tt Lounge,+7 (911) 594-77-99,Кальян-бары,[]
БГ,+7 (931) 402-40-04,Кафе,[]
Иль Густо,+7 (909) 556-07-67,Рестораны,https://ilgusto29.ru/
Санта Паста,+7 (921) 677-67-67,Кафе,[]
El Fuego,+7 (960) 005-88-07,Рестораны,http://www.elfuego.ru/
Купе,+7 (902) 702-09-20,Кафе,[]
Ялта,+7 (911) 594-43-55,Рестораны,http://yalta29.ru/
Крым,+7 (900) 918-11-65,Кафе,[]
La-Ваш,+7 (960) 018-51-20,Кафе,https://lavash29.orgs.biz/
Блин Виль,+7 (909) 554-51-22,Кафе,http://lvk29.ru/
Санта Паста,+7 (921) 470-00-11,Кафе,[]
Брусника,+7 (921) 810-42-86,Кафе,[]
Оливье,+7 (909) 554-03-84,Рестораны,http://lvk29.ru/
Армения,+7 (909) 556-06-66,Рестораны,[]
Столица Поморья,+7 (900) 915-55-44,Рестораны,[]
Старфудс,+7 (900) 911-13-78,Быстрое питание,http://старфудс.рф/
Грядка,+7 (953) 939-04-72,Кафе,http://gryadka-family.ru/
Gussi Coffee,+7 (921) 081-84-66,Кофейни,https://gussi.su/
1234,+7 (902) 709-69-96,Кофейни,https://coffee1234.myresto.online/
На часок,+7 (900) 916-27-27,Кафе,[]
Очаг,+7 (905) 293-85-89,Кафе,[]
Хочу Лето,+7 (921) 078-32-75,Кафе,[]
Абшерон,+7 (921) 241-44-10,Кафе,[]
Simple. cafe,+7 (953) 269-27-69,Кафе,https://simplecafe.tilda.ws/
Райский уголок,+7 (960) 017-20-14,Кафе,[]
Эребуни,+7 (981) 556-21-18,Кафе,[]
Старый город,+7 (911) 594-04-55,Рестораны,https://restoran29.ru/
Иль Моторре,+7 (909) 554-33-88,Кофейни,[]
Территория Еды,+7 (921) 243-17-17,"Бары, пабы",[]
Иль Моторре,+7 (909) 554-33-88,Кофейни,[]
Банкет-клуб 93,+7 (952) 250-93-93,Кафе,[]
Регистан,+7 (964) 301-05-55,Кафе,[]
Сеньор Денёр,+7 (960) 019-93-95,Быстрое питание,https://senordoner.ru/
Шашлыки по-Армянски,+7 (911) 554-33-10,Кафе,[]
Coffee Company,+7 (911) 594-22-77,Кофейни,[]
Community,+7 (996) 502-27-90,Кофейни,[]
Старый Архангельск,+7 (905) 293-87-77,Столовые,[]
Пироговая,+7 (911) 655-53-53,Кафе,http://pirogovaya29.ru/
Большая кастрюля,+7 (931) 407-68-67,Быстрое питание,[]
Восточный квартал,+7 (921) 670-88-71,Рестораны,[]
Грузин,+7 (950) 660-63-30,Кафе,[]
АндерСон,+7 (909) 556-01-21,Кафе,https://anderson29.ru/
Met Tea,+7 (921) 078-70-05,Кафе,[]
Шоколадница,+7 (991) 470-70-04,Рестораны,https://shoko.ru/
No Cap,+7 (994) 222-55-55,"Бары, пабы",[]
Лава,+7 (921) 498-63-22,Быстрое питание,[]
"Сити, Кофейня",+7 (960) 002-75-73,Кофейни,http://сити-кофейня.рф/
Папа Гирос,+7 (911) 559-49-69,Кафе,[]
Дача,+7 (921) 476-18-98,Столовые,[]
Восточный рай,+7 (952) 257-25-22,Кафе,[]
Smetana,+7 (953) 269-54-10,Кафе,[]
Rampa street cafe,+7 (909) 552-22-44,Быстрое питание,[]
Старфудс,+7 (953) 930-84-80,Быстрое питание,https://старфудс.рф/
Старфудс,+7 (960) 007-03-44,Быстрое питание,http://старфудс.рф/
Грядка,+7 (952) 259-59-25,Быстрое питание,https://gryadka-family.ru/
Трактир,+7 (921) 483-54-90,"Бары, пабы",[]
Дон шаурмафия,+7 (911) 877-52-25,Кафе,[]
Гигант,+7 (900) 918-62-26,Быстрое питание,[]
Эдисон,+7 (909) 555-53-01,"Бары, пабы",[]
Гала,+7 (953) 931-91-39,Рестораны,[]
Старфудс,+7 (965) 730-92-44,Быстрое питание,http://старфудс.рф/
Иль Моторе,+7 (909) 554-33-88,Кофейни,[]
Кафе,+7 (911) 560-21-41,Кафе,[]
G'art Bar,+7 (902) 286-70-98,"Бары, пабы",[]
Иль Моторе,+7 (909) 554-33-88,Кофейни,[]
Scandinavia,+7 (921) 083-83-52,Кофейни,[]
Tantuni,+7 (911) 685-48-48,Быстрое питание,[]
Coffee Like,+7 (3412) 90-82-92,Кофейни,https://coffee-like.com/
Компот,+7 (958) 167-04-33,Столовые,http://www.eda29.ru/arhangelsk
Der хлеб,+7 (962) 665-54-25,Кондитерские,[]
Community,+7 (996) 502-27-90,Кофе с собой,[]
Community,+7 (996) 502-27-90,Кофейни,[]
Coffee pilgrims,+7 (931) 403-07-50,Кофейни,[]
Rampa,+7 (909) 552-22-44,Кофейни,[]
На часок,+7 (900) 916-27-27,Кафе,[]
Винегрет,+7 (911) 569-64-56,Пекарни,[]
Darling Coffee 18/36,+7 (993) 752-01-44,Кофейни,[]
SushiКраб,+7 (911) 575-23-45,Кафе,[]
Hohoro,+7 (911) 579-98-89,Кофейни,http://hohoro.ru/
Coffee Like,+7 (3412) 90-82-92,Кофейни,https://coffee-like.com/
Coffee Like,+7 (3412) 90-82-92,Кофейни,https://coffee-like.com/
Community,+7 (996) 502-27-90,Кофейни,[]
Бодрый день,+7 (383) 375-00-24,Кофейни,http://bodryi-den.ru/
Золотой сад,+7 (911) 594-07-07,Рестораны,[]
Кофе Бравос Bravos,+7 (911) 580-15-55,Магазины кофе,https://bravos.coffee/
Questoria,+7 (962) 664-35-65,Квесты,http://arh.questoria.ru/
Лабиринт,+7 (952) 250-19-77,Детские праздники,[]
Братья Чистовы,+7 (911) 591-01-21,Клининг,https://cleanbros.ru/
Капля,+7 (900) 912-60-13,Химчистки,https://himchistka-kaplya-arh.ru/
In Clean,+7 (960) 016-13-20,Клининг,[]
ЛВК клининг,+7 (921) 987-65-63,Клининг,http://lvkcleaning.ru/
Уборка Архангельск,+7 (950) 660-37-77,Клининг,http://www.n4g.su/
ЭкоДез,+7 (921) 472-50-00,Дезцентры,[]
Клининград,+7 (843) 212-67-77,Клининг,http://cleanin-grad.ru/
Ластик,+7 (921) 089-59-71,Клининг,http://lastik.vip/
Лавандерия,+7 (906) 284-40-16,Химчистки,https://lavanderia29.ru/
Лавандерия,+7 (960) 010-34-37,Химчистки,http://lavanderia29.ru/
Инка,+7 (950) 251-40-41,Клининг,[]
Константин,+7 (991) 898-70-08,Клининг,[]
Чистюля,+7 (911) 097-55-55,Клининг,[]
Надёжный сотрудник,+7 (902) 197-64-88,Грузчики,https://arkhangelsk.trustworker.ru/
Эксперт,+7 (902) 701-41-88,Клининг,[]
Кристальный мир,+7 (911) 554-00-26,Клининг,[]
Планета чистоты,+7 (902) 286-82-92,Клининг,[]
Лавандерия,+7 (921) 073-98-76,Химчистки,https://www.lavanderia29.ru/
Лидер комплексных услуг,+7 (960) 001-75-56,Клининг,[]
Арх-Дезинфекция,+7 (995) 222-95-66,Дезцентры,https://1wiinn.ru/
Community,+7 (996) 502-27-90,Кофейни,[]
"Сити, Кофейня",+7 (960) 002-75-73,Кофейни,http://сити-кофейня.рф/
Coffee Like,+7 (3412) 90-82-92,Кофейни,https://coffee-like.com/
Шоколадница,+7 (991) 470-70-04,Рестораны,https://shoko.ru/
Scandinavia,+7 (921) 083-83-52,Кофейни,[]
Иль Моторе,+7 (909) 554-33-88,Кофейни,[]
Иль Моторре,+7 (909) 554-33-88,Кофейни,[]
Иль Моторе,+7 (909) 554-33-88,Кофейни,[]
Der Хлеб,+7 (952) 258-97-37,Пекарни,[]
Community,+7 (996) 502-27-90,Кофейни,[]
Community,+7 (996) 502-27-90,Кофе с собой,[]
Иль Моторре,+7 (909) 554-33-88,Кофейни,[]
Счастливый Северянин,+7 (991) 114-02-05,Кофейни,[]
Coffee Like,+7 (3412) 90-82-92,Кофейни,https://coffee-like.com/
Darling Coffee 18/36,+7 (993) 752-01-44,Кофейни,[]
Hohoro,+7 (911) 579-98-89,Кофейни,http://hohoro.ru/
Kohi,+7 (906) 281-63-47,Кофейни,[]
Kohi Coffee Point,+7 (906) 281-63-47,Кофе с собой,[]
Coffee Like,+7 (912) 010-99-00,Кофейни,https://coffee-like.com/
Bravos,+7 (911) 580-15-55,Кофейни,https://bravos.coffee/
Kohi Coffee Point,+7 (906) 281-63-47,Кофейни,[]
Hohoro,+7 (981) 550-28-88,Кофейные автоматы,http://hohoro.ru/
Дача,+7 (921) 476-18-98,Столовые,[]
Coffee Like,+7 (3412) 90-82-92,Кофейни,https://coffee-like.com/
Винегрет,+7 (911) 569-64-56,Пекарни,[]
Бодрый день,+7 (383) 375-00-24,Кофейни,http://bodryi-den.ru/
Community,+7 (996) 502-27-90,Кофейни,[]
Coffee Like,+7 (3412) 90-82-92,Кофейни,https://coffee-like.com/
Rampa,+7 (909) 552-22-44,Кофейни,[]
Kohi Coffee Point,+7 (906) 281-63-47,Кофейни,[]
Кофе Бравос Bravos,+7 (911) 580-15-55,Магазины кофе,https://bravos.coffee/
Marsal,+7 (950) 252-23-00,Магазины одежды,https://vk.link/marsal_suit
СИН,+7 (499) 653-55-65 (доб. 6412299),Магазины одежды,https://www.fesretail.com/
Shatte,+7 (995) 222-87-27,Магазины одежды,https://shatte.ru/
Триал-Спорт,+7 (963) 200-43-96,Спортивные магазины,https://trial-sport.ru/
Смешные цены,+7 (960) 296-99-94,Магазины одежды,[]
Индивид,+7 (991) 286-05-39,Магазины одежды,https://indiwd.com/
Gant,+7 (921) 720-05-34,Магазины одежды,http://www.gant.ru/
Marsal,+7 (950) 252-23-00,Магазины одежды,https://vk.link/marsal_suit
Street Division,+7 (902) 198-01-01,Магазины одежды,[]
Reglan,+7 (962) 660-28-19,Верхняя одежда,[]
Подружка,+7 (960) 009-21-83,Магазины одежды,[]
Elis,+7 (911) 682-10-20,Магазины одежды,https://elis.ru/
Van Cliff,+7 (909) 556-07-83,Магазины одежды,[]
Корея,+7 (921) 247-67-24,Магазины одежды,[]
Didriksons,+7 (911) 688-40-88,Магазины одежды,https://originals1913.ru/
Фасон,+7 (902) 198-77-88,Магазины одежды,[]
Стрит Est. 2008,+7 (960) 000-02-04,Магазины одежды,[]
Donatto,+7 (921) 677-15-45,Магазины одежды,http://www.donatto.ru/
Северина,+7 (902) 286-19-80,Постельные принадлежности,https://severina29.ru/
Didriksons1913,+7 (911) 688-40-88,Магазины одежды,https://originals1913.ru/
Fashion life 29,+7 (953) 264-34-67,Магазины одежды,[]
Владимир,+7 (911) 562-77-07,Верхняя одежда,[]
Caramel 13,+7 (911) 572-00-32,Магазины одежды,[]
Switch,+7 (960) 019-00-10,Магазины одежды,https://vk.link/switch_29
Black & White,+7 (996) 503-28-53,Магазины одежды,https://vk.link/club47419406
Магазин одежды и обуви,+7 (953) 938-28-68,Магазины одежды,[]
Moda Mania,+7 (960) 004-11-76,Магазины одежды,[]
Модный ребёнок,+7 (902) 507-27-44,Детская одежда,[]
Ltb,+7 (921) 070-10-90,Магазины одежды,[]
Анэт,+7 (902) 197-35-55,Магазины одежды,[]
F5,+7 (921) 720-02-78,Джинсовая одежда,http://www.f5jeans.ru/
Modemia,+7 (960) 012-71-13,Магазины одежды,[]
Бренд одежды Ирины Вартанян,+7 (921) 810-84-16,Трикотаж,[]
7 Карманов,+7 (911) 551-92-75,Магазины одежды,[]
Life Style,+7 (921) 243-18-08,Магазины одежды,[]
Butterfly,+7 (911) 596-86-26,Магазины одежды,[]
Korepina bridal,+7 (902) 504-44-04,Свадебные салоны,https://vk.link/korepina_bridal
Incanto,+7 (921) 290-29-77,Нижнее бельё,https://incanto.eu/
Shendel,+7 (950) 256-97-90,Магазины одежды,[]
Хороший,+7 (921) 240-42-22,Магазины одежды,[]
Камуфляж,+7 (900) 912-40-00,"Военная экипировка, снаряжение",[]
Qwentiny,+7 (960) 017-10-24,Магазины одежды,[]
Kramar brand,+7 (902) 191-55-45,Магазины одежды,[]
Va room,+7 (911) 676-63-06,Магазины одежды,[]
300-600-900,+7 (950) 250-69-55,Магазины одежды,[]
Nadin,+7 (911) 551-19-54,Верхняя одежда,[]
Olar collection,+7 (981) 554-96-12,Магазины одежды,https://www.olar.ru/
Бренд,+7 (921) 241-51-77,Магазины одежды,[]
Mavi,+7 (921) 070-09-43,Джинсовая одежда,[]
Планета брюк,+7 (905) 293-52-55,Магазины одежды,[]
Bulmer,+7 (962) 550-51-93,Магазины одежды,https://bulmer-fashion.com/
Boutique Natalie L.,+7 (952) 257-75-35,Магазины одежды,http://www.natalie-l.ru/
Аврора,+7 (953) 936-92-73,Магазины одежды,[]
Teplo,+7 (952) 250-54-72,Магазины одежды,[]
Nude,+7 (953) 260-79-36,Магазины одежды,[]
Ботик,+7 (911) 658-29-10,Магазины одежды,https://botik29.uds.app/c
Russ Studio,+7 (995) 107-07-88,Магазины одежды,[]
Top Look,+7 (964) 301-05-68,Магазины одежды,[]
Remarka,+7 (952) 257-21-45,Детская одежда,[]
Одежда,+7 (921) 087-29-97,Магазины одежды,[]
Teplo Store,+7 (962) 665-53-77,Магазины одежды,[]
Pierre Cardin,+7 (921) 297-05-50,Магазины одежды,[]
Golden Birds,+7 (911) 557-40-83,Магазины одежды,[]
К29,+7 (993) 894-08-64,Спортивная одежда,[]
Одежда для дома и отдыха,+7 (902) 285-13-69,Магазины одежды,[]
FiGi,+7 (962) 662-16-45,Магазины одежды,[]
Tom Tailor,+7 (495) 150-15-05,Магазины одежды,http://tom-tailor.ru/
Next Line,+7 (921) 071-41-41,Верхняя одежда,http://nextline.su/
Сплетница,+7 (981) 551-56-39,Магазины одежды,[]
Sabotage,+7 (495) 231-22-29,Магазины одежды,http://s-btg.com/
Mark Formelle,+7 (903) 807-20-82,Магазины одежды,https://markformelle.ru/
Life Style,+7 (921) 243-18-08,Магазины головных уборов,[]
Verochy Boutique,+7 (965) 732-45-77,Магазины одежды,[]
Baldinini,+7 (921) 476-11-39,Магазины одежды,https://www.baldinini-shop.com/ru_ru/
Montana,+7 (921) 240-42-41,Джинсовая одежда,[]
Gretchen Katsenelenbogen,+7 (962) 664-84-74,Магазины одежды,https://gretchenk.shop/
Магазин мужской одежды,+7 (952) 257-32-78,Магазины одежды,[]
Катерина,+7 (960) 007-59-97,Магазины одежды,[]
Гестия,+7 (921) 720-48-51,Магазины одежды,[]
Madina,+7 (921) 720-58-53,Магазины одежды,[]
Alp,+7 (911) 561-73-31,Магазины одежды,[]
Unicorn,+7 (911) 588-09-99,Магазины одежды,[]
Unicorn,+7 (911) 588-09-99,Магазины одежды,[]
Bellezza,+7 (902) 199-75-55,Магазины одежды,[]
Mako,+7 (921) 475-02-03,Спортивная одежда,[]
Домашний текстиль,+7 (952) 304-97-40,Магазины одежды,[]
Персонаж,+7 (911) 552-36-54,Магазины одежды,[]
Stilmen,+7 (921) 244-14-58,Магазины одежды,[]
Женская одежда,+7 (962) 663-63-64,Магазины одежды,[]
Lady Like,+7 (999) 168-47-51,Магазины одежды,[]
Valtex,+7 (911) 553-77-51,Магазины одежды,[]
David Jones,+7 (902) 504-28-18,Магазины одежды,[]
Small a shop,+7 (950) 963-87-94,Магазины одежды,[]
Тепло Севера,+7 (911) 566-86-31,Магазины одежды,[]
Cocomaxx,+7 (960) 005-88-32,Магазины одежды,[]
Юта,+7 (911) 551-93-37,Магазины одежды,[]
Furor,+7 (911) 570-75-33,Верхняя одежда,[]
Furor,+7 (911) 570-75-33,Магазины одежды,[]
Леди Стиль,+7 (960) 017-53-70,Магазины одежды,[]
Bellezza,+7 (921) 470-04-67,Одежды больших размеров,[]
Планета брюк,+7 (906) 281-68-51,Магазины одежды,[]
Азиза,+7 (960) 007-34-74,Магазины одежды,[]
Clasna,+7 (953) 268-46-35,Магазины одежды,[]
Gerry Weber,+7 (921) 623-91-31,Магазины одежды,[]
Anna mora,+7 (962) 662-85-85,Магазины одежды,[]
Ватикан,+7 (900) 911-92-39,Магазины обуви,[]
Men's Fashion,+7 (921) 491-30-01,Магазины одежды,[]
Diana,+7 (909) 550-08-67,Магазины одежды,[]
M-collection,+7 (909) 555-28-56,Магазины одежды,[]
Стильтэкс,+7 (911) 683-01-67,Магазины одежды,[]
Strong,+7 (902) 195-59-52,Магазины одежды,[]
Nika,+7 (921) 291-95-29,Верхняя одежда,[]
Mr. Wilford,+7 (911) 672-02-36,Пошив одежды,[]
Faberlic,+7 (962) 664-80-72,Магазины парфюмерии и косметики,https://faberlic.com/
Связь On,+7 (495) 741-88-85,Магазины электроники,https://www.svyazon.ru/
ЦИФРОСКУПКА,+7 (902) 706-70-64,Комиссионные,https://cifroskupka.ru/
Ishmot,+7 (999) 250-69-59,Ремонт телефонов,[]
Рублёв,+7 (911) 594-70-80,Комиссионные,[]
Vavilon,+7 (911) 586-86-79,Компьютерные магазины,https://vavilonclub.ru/vavilonshop
Магазин электроники,+7 (953) 261-00-00,Магазины электроники,[]
Радиотовары,+7 (902) 286-26-46,Радиотехника,[]
Принцип,+7 (902) 285-82-45,Ремонт телефонов,[]
Steady Line,+7 (952) 304-16-32,Ремонт телефонов,[]
Радио-рай,+7 (964) 290-77-70,Антенны,[]
Триколор ТВ,+7 (911) 554-44-28,Спутниковое ТВ,[]
Галамарт,+7 (911) 876-19-18,Товары для дома,https://galamart.ru/
Галамарт,+7 (991) 381-32-44,Товары для дома,https://galamart.ru/
Галамарт,+7 (991) 054-79-32,Товары для дома,https://galamart.ru/
Fix Price,+7 (499) 009-35-15,Товары для дома,https://fix-price.com/
Fix Price,+7 (499) 009-35-15,Товары для дома,https://fix-price.com/
Fix Price,+7 (499) 009-35-15,Товары для дома,https://fix-price.com/
One Price,+7 (911) 554-06-15,Товары для дома,[]
Fix Price,+7 (499) 009-35-15,Товары для дома,https://fix-price.com/
Пчёлка,+7 (921) 088-36-35,Товары для дома,[]
Эконом,+7 (911) 594-23-00,Магазины хозтоваров,[]
Fix Price,+7 (499) 009-35-15,Товары для дома,https://fix-price.com/
ТО да Сё,+7 (963) 260-12-02,Магазины хозтоваров,[]
Fix Price,+7 (499) 009-35-15,Товары для дома,https://fix-price.com/
Эконом,+7 (911) 876-18-06,Магазины хозтоваров,[]
Хороший,+7 (921) 240-42-22,Магазины одежды,[]
Тюльпан,+7 (902) 196-21-24,Шторы,[]
Эконом,+7 (911) 594-23-00,Магазины хозтоваров,[]
Эконом,+7 (911) 594-23-00,Магазины хозтоваров,[]
Сон-ница,+7 (953) 264-48-88,Постельные принадлежности,[]
Галамарт,+7 (991) 381-65-70,Товары для дома,https://galamart.ru/
Оранжевое настроение,+7 (902) 286-08-80,Магазины канцтоваров,https://on29.ru/
Скатерть,+7 (911) 671-14-23,Товары для дома,[]
Эконом,+7 (911) 594-23-00,Магазины хозтоваров,[]
Magic Sun,+7 (960) 012-33-38,Товары для дома,[]
Мебель град,+7 (931) 400-50-35,Магазины мебели,https://mebel29.ru/
divan.ru,+7 (960) 006-01-63,Магазины мебели,https://www.divan.ru/
МебельБаза,+7 (964) 298-73-22,Магазины мебели,[]
Лером,+7 (902) 700-16-57,Магазины мебели,http://www.lerom.ru/
Podushe,+7 (981) 555-02-81,Магазины мебели,https://podushe-shop.ru/
Цвет диванов,+7 (960) 005-00-11,Магазины мебели,https://zvet.ru/
Диван Диванов,+7 (964) 298-73-90,Мягкая мебель,[]
Лером,+7 (953) 937-07-14,Мебель на заказ,http://www.lerom.ru/
Маэстро,+7 (921) 243-91-00,Мебель на заказ,https://taplink.cc/maestro29_mebel
Большой Ассортимент Мебели,+7 (953) 264-08-19,Магазины мебели,[]
Диван29. ру,+7 (960) 000-33-55,Магазины мебели,https://divan29.ru/
Мягкое место,+7 (960) 013-80-00,Магазины мебели,https://taplink.cc/myagkoe_mesto29
Moon Trade,+7 (921) 071-02-34,Магазины мебели,https://www.moon-trade.ru/shops/detail/tc-forum
Trend i mobili,+7 (996) 921-80-52,Мебель на заказ,http://trendmobili.ru/
Лером,+7 (921) 678-24-22,Магазины мебели,http://lerom.ru/
O'Prime,+7 (911) 554-00-71,Мягкая мебель,http://oprime.ru/
Дисконт,+7 (902) 700-10-25,Магазины мебели,[]
Moon Trade,+7 (931) 408-16-85,Магазины мебели,https://www.moon-trade.ru/shops/detail/tc-mega
Ярис,+7 (902) 286-84-07,Магазины мебели,[]
Лотос,+7 (953) 269-97-97,Корпусная мебель,[]
Mamadoma,+7 (909) 552-07-63,Магазины мебели,[]
Вардек,+7 (967) 555-83-33 (доб. 478),Мебель для кухни,https://vardek.ru/
Mebel Park,+7 (911) 874-94-49,Магазины мебели,http://mebel-aurora.ru/
Диван Диванов,+7 (909) 553-51-63,Магазины мебели,[]
Дом столов,+7 (921) 496-61-91,Мебель для кухни,[]
Регина,+7 (909) 552-07-63,Магазины мебели,[]
Андерссен,+7 (921) 071-50-30,Мягкая мебель,https://www.anderssen.ru/
Frendom,+7 (902) 709-59-45,Мягкая мебель,[]
Норд Мебель,+7 (902) 285-55-49,Мебель на заказ,[]
Askona,+7 (921) 072-89-02,Матрасы,https://www.askona.ru/
Irina Burch,+7 (911) 554-71-44 (доб. +79021903698),Магазины мебели,[]
Askona,+7 (921) 678-21-23,Матрасы,https://www.askona.ru/
Askona,+7 (953) 265-08-31,Матрасы,https://www.askona.ru/
Школа современного образования,+7 (911) 555-33-35,Школы,https://schoolso.ru/
Университет Синергия,+7 (906) 284-29-70,ВУЗы,https://arkhangelsk.synergyregions.ru/
Детский сад АБВГДейка,+7 (953) 932-96-40,"Детские сады, ясли",[]
Екатерининский лицей,+7 (991) 113-90-47,Лицеи,[]
Крошка моя,+7 (950) 661-90-00,"Детские сады, ясли",https://kroshka-arh.company.site/
Непоседы,+7 (960) 002-77-70,Центр развития ребёнка,[]
Частный детский сад Лёвушка,+7 (911) 564-64-43,"Детские сады, ясли",[]
Чио Чио,+7 (962) 662-29-29,Парикмахерские,https://chio-chio.ru/
Чио Чио,+7 (964) 290-29-29,Парикмахерские,https://chio-chio.ru/
Wow,+7 (902) 708-28-10,Салоны красоты,[]
Палема,+7 (960) 008-52-27,Парикмахерские,[]
Colores,+7 (911) 577-65-89,Салоны красоты,https://dikidi.ru/761071
Красота,+7 (950) 255-97-67,Парикмахерские,[]
Голд,+7 (900) 920-57-15,Парикмахерские,[]
Ножницы,+7 (911) 594-02-04,Парикмахерские,[]
Твой стиль,+7 (911) 594-48-40,Парикмахерские,[]
Парикмахерская,+7 (962) 664-72-64,Парикмахерские,[]
"Салон красоты, Creative look",+7 (902) 286-60-47,Салоны красоты,http://creativelook29.ru/
Nude,+7 (902) 700-33-27,Салоны красоты,[]
Шоколад,+7 (902) 286-18-76,Парикмахерские,[]
Стрекоза,+7 (921) 248-03-00,Салоны красоты,https://dikidi.net/1072738
Для всей семьи,+7 (900) 911-33-99,Парикмахерские,[]
You Beauty,+7 (964) 294-90-00,Салоны красоты,https://youbeauty29.ru/
Ажур,+7 (902) 504-67-67,Салоны красоты,[]
Проспект,+7 (939) 799-49-85,Парикмахерские,[]
Бенигнум,+7 (921) 243-30-09,Салоны красоты,[]
Латте,+7 (902) 286-88-68,Салоны красоты,http://arhgid.ru/catalog/krasota/salony-krasoty/latte
Стелла,+7 (964) 295-44-88,Парикмахерские,[]
Maxi Style,+7 (911) 670-04-40,Парикмахерские,[]
Карамелька,+7 (911) 658-95-43,Парикмахерские,[]
Garden,+7 (911) 573-74-55,Салоны красоты,[]
Green Head,+7 (964) 297-99-97,Барбершопы,https://green-head.clients.site/
Чио Чио,+7 (931) 178-06-88,Парикмахерские,https://arhangelsk.chio-chio.ru/
Фея,+7 (950) 963-60-00,Салоны красоты,[]
Inizio,+7 (911) 871-70-76,Парикмахерские,[]
Стрижка,+7 (950) 255-24-73,Парикмахерские,[]
Стиль,+7 (911) 670-58-32,Салоны красоты,https://center-stil.ru/?utm_source=yandex_maps
Instyle beauty zone,+7 (911) 565-02-04,Салоны красоты,[]
New Миллениум,+7 (921) 243-01-14,Салоны красоты,[]
Elite style,+7 (921) 721-85-57,Салоны красоты,[]
Елена,+7 (911) 589-63-80,Парикмахерские,[]
Канотье,+7 (921) 498-86-55,Салоны красоты,[]
Бархат,+7 (921) 247-83-13,Парикмахерские,[]
Studio Antonina Antufeva,+7 (921) 600-83-03,Салоны красоты,https://taplink.cc/a_studio_aa
Шик о Лад,+7 (911) 561-13-45,Парикмахерские,[]
Твой Образ,+7 (960) 016-44-00 (доб. 89642926089),Парикмахерские,[]
Plm Beauty,+7 (911) 594-73-33,Косметология,http://plmbeauty.ru/
Твой стиль,+7 (950) 660-66-22,Парикмахерские,[]
Легенда,+7 (911) 554-96-33 (доб. 449633),Парикмахерские,[]
Ирина,+7 (953) 935-43-07,Парикмахерские,[]
Альпина,+7 (911) 594-31-94,Парикмахерские,[]
Аттика,+7 (902) 190-14-00,Салоны красоты,[]
Парикмахерская,+7 (921) 475-80-66,Парикмахерские,[]
Алина,+7 (962) 660-60-78,Салоны красоты,[]
Анаит,+7 (911) 582-19-60,Салоны красоты,[]
Парикмахерская,+7 (960) 004-88-39,Парикмахерские,[]
Sedalina studio,+7 (993) 751-08-03,Салоны красоты,[]
Чио Чио,+7 (960) 003-92-29,Парикмахерские,https://chio-chio.ru/
Ножницы,+7 (911) 594-08-04,Парикмахерские,[]
Азбука Красоты,+7 (911) 550-11-35,Парикмахерские,[]
Изи БРО,+7 (960) 000-88-18,Парикмахерские,[]
Комильфо,+7 (902) 190-52-22,Салоны красоты,[]
New Style,+7 (962) 662-61-39,Парикмахерские,[]
Прованс,+7 (921) 720-60-40,Салоны красоты,[]
Lavanda SPA,+7 (902) 286-19-66,Салоны красоты,https://lavandaspa29.ru/
Neon,+7 (906) 281-61-69,Парикмахерские,[]
Студия Татьяны Маковецкой,+7 (911) 556-91-26,Парикмахерские,[]
Парикмахерская,+7 (902) 507-42-68,Парикмахерские,[]
Бакута,+7 (964) 300-01-44,Барбершопы,[]
Сфера,+7 (964) 292-79-97,Салоны красоты,[]
Парикмахерская,+7 (950) 259-19-95,Парикмахерские,[]
Парикмахерская,+7 (953) 932-58-68,Парикмахерские,[]
Александра,+7 (909) 556-06-98,Парикмахерские,[]
Malina,+7 (953) 939-77-52,Парикмахерские,[]
Экзотика,+7 (953) 267-92-44,Парикмахерские,[]
La Vanda,+7 (960) 002-85-77,Салоны красоты,[]
Образ,+7 (911) 674-41-49,Парикмахерские,[]
Premium Permanent,+7 (902) 197-90-00,Салоны красоты,[]
SL Beauty,+7 (950) 661-20-53,Салоны красоты,[]
Первая,+7 (953) 938-01-01,Парикмахерские,[]
Orxan,+7 (950) 254-03-88,Парикмахерские,[]
Первая,+7 (953) 938-01-01,Парикмахерские,[]
Парикмахерская Твой Мастер,+7 (960) 008-73-74,Парикмахерские,http://dikidi.online/395991
LYView,+7 (911) 579-84-32,Салоны красоты,[]
Relax & Beauty,+7 (964) 293-71-71,Салоны красоты,[]
Ваш успех,+7 (902) 191-67-76,Парикмахерские,[]
Для всей семьи,+7 (902) 705-38-35,Парикмахерские,[]
Berrynails,+7 (965) 733-37-07,Ногтевые студии,https://berrynails.ru/
Территория стрижки,+7 (953) 266-43-29,Парикмахерские,[]
Lash Lab,+7 (921) 085-03-30,Салоны красоты,[]
Студия красоты волос и ресниц,+7 (921) 818-29-28,Салоны красоты,https://dikidi.net/877928
Эстетика,+7 (960) 011-47-18,Салоны красоты,[]
Firma,+7 (960) 000-33-44,Барбершопы,http://arhangelsk.barberfirma.ru/
Прайд,+7 (911) 594-45-05,Барбершопы,[]
Парикмахерская,+7 (960) 008-75-56,Парикмахерские,http://dikidi.net/709937
Риволи,+7 (906) 283-00-05,Салоны красоты,[]
Линда,+7 (911) 583-32-80,Парикмахерские,[]
Easy Slip,+7 (960) 007-47-47,"Эпиляция, депиляция",https://easyslip.ru/arh/?utm_medium=card&utm_source=yandex_maps
Мир красоты,+7 (921) 496-13-83,Парикмахерские,[]
Парикмахерская,+7 (921) 247-13-06,Парикмахерские,[]
Ми-Эль,+7 (921) 676-94-96,Салоны красоты,[]
Preslife,+7 (921) 243-41-00,Салоны красоты,[]
Первая,+7 (953) 938-01-01,Парикмахерские,[]
Студия красоты Андрея Нехорошкова,+7 (911) 557-76-66,Салоны красоты,[]
A. S. Blond,+7 (900) 913-10-00,Салоны красоты,https://asblond.taplink.ws/
Arh_idea,+7 (931) 404-42-89,Салоны красоты,[]
Римские каникулы,+7 (911) 554-00-90,Спа-салоны,http://римские-каникулы29.рф/
Студия красоты Елены Корбут,+7 (962) 662-98-67,Салоны красоты,[]
Вдохновение,+7 (902) 286-91-11,Парикмахерские,[]
Палитра,+7 (911) 688-08-31,Салоны красоты,[]
Maslomacros,+7 (921) 810-51-68,Парикмахерские,[]
Монахиня,+7 (911) 871-43-10,Салоны красоты,[]
SeaLine,+7 (911) 596-04-52,Салоны красоты,[]
Парикмахерская студия Катерины Вебер,+7 (953) 267-37-76,Парикмахерские,[]
Алёна Ковальчук,+7 (911) 674-73-34,Парикмахерские,https://mst.link/alenablesk
Am beauty zone,+7 (911) 679-03-45,Салоны красоты,https://taplink.cc/am.beautyzone
Liberty Hair,+7 (953) 934-66-37,Салоны красоты,[]
Анжелика,+7 (902) 286-67-57,Парикмахерские,[]
На Садовой 50,+7 (902) 286-63-34,Парикмахерские,[]
Красиво стригу,+7 (921) 720-58-89,Парикмахерские,[]
Belissimo,+7 (952) 252-69-04,Салоны красоты,[]
Сияй,+7 (902) 706-22-02,Парикмахерские,[]
Гармония,+7 (921) 244-16-66,Массажисты,https://beauty.dikidi.net/ru/profile/massazhnyj_kabinet_garmoniya_405957/
Molly,+7 (902) 191-14-12,Салоны красоты,[]
ВильяLK,+7 (909) 556-65-56,Парикмахерские,[]
Мастер-колорист Морозова Екатерина,+7 (962) 662-63-86,Салоны красоты,https://dikidi.net/1497476
Парикмахерская,+7 (991) 994-62-44,Парикмахерские,[]
Аватар Брейдс,+7 (999) 168-02-65,Салоны красоты,[]
Love&Beauty,+7 (902) 191-45-32,Салоны красоты,[]
Студия реконструкции волос,+7 (950) 661-19-95,Парикмахерские,[]
Парикмахеръ,+7 (950) 253-22-51,Парикмахерские,[]
La Stella,+7 (921) 470-63-53,Салоны красоты,[]
Все Gladko,+7 (911) 566-96-77,Массажисты,[]
Ch,+7 (921) 480-82-09,Салоны красоты,[]
Sun Shine,+7 (911) 678-69-48,Салоны красоты,[]
Красотка,+7 (950) 252-78-67,Салоны красоты,[]
Татьяна Хартанович,+7 (950) 661-50-98,Парикмахерские,[]
Bio profi,+7 (909) 556-03-05,Солярии,[]
Лель,+7 (911) 570-71-63,Парикмахерские,[]
Ольга Шведова,+7 (952) 304-43-92,Салоны красоты,https://vk.link/shvedova_lash
Ми-Эль,+7 (921) 676-94-96,Салоны красоты,[]
Ak Studio,+7 (953) 931-39-22,Салоны красоты,https://dikidi.net/1660691
Uk Nail Studio,+7 (963) 200-45-59,Салоны красоты,[]
Соната,+7 (905) 293-30-97,Парикмахерские,[]
Preslife,+7 (921) 600-40-41,Салоны красоты,[]
Имидж Лаб,+7 (902) 701-40-61,Салоны красоты,[]
Кичигина В,+7 (960) 018-01-02,Парикмахерские,[]
Lime,+7 (921) 084-18-87,Ногтевые студии,[]
Жемчужина,+7 (900) 917-19-01,Салоны красоты,[]
Beauty by Shushkova,+7 (911) 558-15-47,Салоны красоты,[]
Barbolina,+7 (962) 661-60-06,Салоны красоты,[]
Студия наращивания волос,+7 (911) 565-44-74,Салоны красоты,[]
Зебра,+7 (996) 463-99-04,Парикмахерские,[]
Es Studio,+7 (953) 261-50-39,Салоны красоты,[]
Laser Pro,+7 (921) 810-80-00,"Эпиляция, депиляция",https://mrqz.me/666402c5ecc6e60026a59e7d
Афро Стиль,+7 (952) 257-94-97,Салоны красоты,[]
Estetic • hair studio,+7 (953) 938-88-11,Салоны красоты,[]
Изюминка,+7 (965) 730-84-90,Салоны красоты,[]
P. R. O-Style,+7 (952) 305-55-99,Парикмахерские,[]
Идеал,+7 (950) 661-74-05,Парикмахерские,[]
BroviBrovi,+7 (921) 673-52-62,Студии перманентного макияжа,https://brovibrovi.ru/
Chikoz,+7 (964) 301-11-33,Салоны красоты,https://dikidi.net/609153
Beauty Shop,+7 (952) 257-50-95,Парикмахерские,[]
Pretty women,+7 (911) 596-44-24,Салоны красоты,[]
А студия ресниц и бровей,+7 (952) 301-75-51,Салоны красоты,[]
Студия красоты,+7 (952) 308-48-58,Парикмахерские,[]
Waleri,+7 (952) 252-92-07,Салоны красоты,[]
Natasha Shilova,+7 (921) 241-18-29,Салоны красоты,[]
Cult Of Beauty,+7 (921) 487-02-52,Салоны красоты,[]
Салон красоты,+7 (950) 962-00-58,Салоны красоты,[]
El studio,+7 (918) 900-69-83,Салоны красоты,[]
ПроФитнес,+7 (902) 708-58-85,Салоны красоты,[]
Студия Ирины Чечитко,+7 (902) 196-31-66,Салоны красоты,[]
Bbh,+7 (911) 678-82-28,Салоны красоты,[]
Go,+7 (960) 006-82-65,Салоны красоты,[]
Гауди,+7 (911) 565-10-13,Салоны красоты,[]
Sakura,+7 (911) 597-70-00,Салоны красоты,[]
WowBrow,+7 (960) 000-68-85,Салоны красоты,[]
Алла,+7 (911) 552-89-95,Парикмахерские,[]
Студия красоты Анны Цыцылиной,+7 (911) 575-92-24,Салоны красоты,[]
JMstudio,+7 (911) 559-15-10,Салоны красоты,[]
Мастерская красоты,+7 (960) 014-94-01,Салоны красоты,[]
Студия Spa-шугаринга Анастасии Плотвиновой,+7 (960) 017-83-13,Шугаринг,[]
Студия красоты Елизаветы Никитенко,+7 (929) 146-80-33,Салоны красоты,[]
Марафет,+7 (950) 257-40-78,Салоны красоты,[]
Elena Tuvalkina,+7 (905) 873-62-26,Салоны красоты,[]
Beauty studio Queen,+7 (962) 662-61-39,Парикмахерские,[]
Галина Матвеева,+7 (952) 252-92-07,Студии перманентного макияжа,[]
Студия Воробьёвой Кристины,+7 (981) 552-82-02,Салоны красоты,[]
Sasha Pikaso,+7 (952) 308-25-34,Тату-салоны,[]
Твой День,+7 (911) 656-02-06,Салоны красоты,[]
Изюминка лайт,+7 (962) 664-22-02,Салоны красоты,[]
Татьяна,+7 (952) 255-07-31,Ногтевые студии,[]
Beauty Time,+7 (902) 191-79-95,Ногтевые студии,[]
Alibi,+7 (902) 190-74-84,Шугаринг,[]
Центр здоровья и косметологии,+7 (921) 482-15-27,Косметология,[]
Beauty Zone,+7 (953) 932-50-02,Салоны бровей и ресниц,[]
Парикмахерская,+7 (911) 873-25-95,Парикмахерские,[]
Elegance,+7 (902) 196-31-66,Ногтевые студии,[]
Космедэль,+7 (911) 554-88-32,Магазины парфюмерии и косметики,https://cosmedel.ru/
Ko-Ko Lab,+7 (909) 555-94-45,Магазины парфюмерии и косметики,https://kokolab.ru/
Premium,+7 (963) 200-46-69,Магазины парфюмерии и косметики,http://www.premiumarh.ru/
YVES ROCHER FRANCE,+7 (8552) 44-68-85,Магазины парфюмерии и косметики,https://www.yves-rocher.ru/
Snow sea,+7 (921) 477-66-10,Магазины парфюмерии и косметики,http://snowsea.ru/
Ваш стиль,+7 (921) 481-49-49,Оборудование для салонов красоты,https://vs29.ru/
Ko-Ko Lab,+7 (909) 555-94-45,Магазины парфюмерии и косметики,https://kokolab.ru/
NeoProfi,+7 (911) 596-38-80,Оборудование для салонов красоты,http://neoprofi29.ru/
D&p Perfumum,+7 (902) 701-89-80,Магазины парфюмерии и косметики,https://dp-perfumum.ru/
Ko-ko Lab,+7 (909) 555-94-45,Магазины парфюмерии и косметики,https://kokolab.ru/
Цирюльникъ,+7 (950) 250-29-15,Магазины парфюмерии и косметики,http://shop.cirulnick.ru/
Estel,+7 (906) 285-71-18,Магазины парфюмерии и косметики,https://estelbeautyshop.ru/
Dark Point,+7 (953) 930-89-09,Магазины парфюмерии и косметики,https://dark-point.ru/
Tierno,+7 (960) 002-22-29,Магазины парфюмерии и косметики,[]
Тепло,+7 (911) 878-75-33,Магазины парфюмерии и косметики,http://teplo-by-milchenko.tilda.ws/
Snow sea,+7 (921) 074-52-09,Магазины парфюмерии и косметики,http://snowsea.ru/
Ваш стиль,+7 (921) 249-19-09,Оборудование для салонов красоты,https://vs29.ru/
Snow sea,+7 (900) 918-12-78,Магазины парфюмерии и косметики,http://snowsea.ru/
Эконом,+7 (911) 594-23-00,Магазины хозтоваров,[]
Цирюльникъ,+7 (950) 250-29-21,Магазины парфюмерии и косметики,http://www.shop.cirulnick.ru/
Yes_Nails!,+7 (911) 580-37-77,Магазины парфюмерии и косметики,[]
Цирюльникъ,+7 (921) 086-14-52,Магазины парфюмерии и косметики,http://shop.cirulnick.ru/
Fimiam,+7 (960) 016-81-81,Магазины парфюмерии и косметики,[]
Allure,+7 (911) 553-51-87,Магазины парфюмерии и косметики,[]
Yes_Nails!,+7 (911) 564-37-78,Оборудование для салонов красоты,[]
Цирюльникъ,+7 (931) 410-78-10,Магазины парфюмерии и косметики,http://shop.cirulnick.ru/
Iherb,+7 (902) 286-07-13,Магазины парфюмерии и косметики,http://iherb.com/
Faberlic,+7 (950) 661-21-72,Дистрибьюторы косметики,https://new.faberlic.com/ru
ТианДэ,+7 (921) 720-34-55,Парфюмерно-косметические компании,https://tiande.ru/
Цирюльник,+7 (950) 250-29-08,Магазины парфюмерии и косметики,https://shop.cirulnick.ru/
Поморское здоровье,+7 (953) 939-57-55,Магазины подарков,https://pomorskoe-zdorovie.ru/
S Parfum,+7 (911) 870-93-63,Магазины парфюмерии и косметики,https://s-parfum.ru/
Atomy,+7 (911) 670-70-00,Магазины парфюмерии и косметики,[]
Faberlic,+7 (962) 664-80-72,Магазины парфюмерии и косметики,https://faberlic.com/
Faberlic,+7 (952) 255-82-50,Дистрибьюторы косметики,https://faberlic.com/
Avon,+7 (964) 302-23-55,Дистрибьюторы косметики,http://my.avon.ru/
Faberlic,+7 (909) 554-41-94,Дистрибьюторы косметики,https://faberlic.com/
Oriflame,+7 (964) 294-00-35,Пункты выдачи,[]
Faberlic,+7 (911) 556-35-40,Дистрибьюторы косметики,https://new.faberlic.com/ru
Цирюльникъ,+7 (921) 483-13-30,Магазины парфюмерии и косметики,http://cirulnick.ru/
Faberlic,+7 (921) 246-76-25,Дистрибьюторы косметики,https://new.faberlic.com/ru
Faberlic,+7 (902) 192-64-65,Дистрибьюторы косметики,https://faberlic.com/
Faberlic,+7 (960) 010-59-09,Дистрибьюторы косметики,https://faberlic.com/
Индира,+7 (905) 873-00-03,Фитопродукция,[]
Snow sea,+7 (900) 918-12-78,Магазины парфюмерии и косметики,http://snowsea.ru/
Эконом,+7 (911) 594-23-00,Магазины хозтоваров,[]
Эконом,+7 (911) 876-18-06,Магазины хозтоваров,[]
Бутик элитной парфюмерии,+7 (906) 919-01-10,Магазины парфюмерии и косметики,[]
Эконом,+7 (911) 594-23-00,Магазины хозтоваров,[]
Бутик элитной парфюмерии,+7 (900) 919-01-10,Магазины парфюмерии и косметики,[]
Faberlic,+7 (960) 015-22-09,Дистрибьюторы косметики,[]
Магазин низких цен,+7 (953) 938-45-52,Магазины хозтоваров,[]
Эконом,+7 (911) 594-23-00,Магазины парфюмерии и косметики,[]
Faberlic,+7 (911) 553-43-41,Дистрибьюторы косметики,https://faberlic.com/
Цирюльник,+7 (950) 250-29-06,Магазины парфюмерии и косметики,http://www.shop.cirulnick.ru/
Avon,+7 (960) 001-92-98,Дистрибьюторы косметики,http://my.avon.ru/
Mary Kay,+7 (902) 192-11-74,Дистрибьюторы косметики,http://www.marykay.ru/
Вивасан,+7 (906) 282-44-99,Магазины парфюмерии и косметики,http://www.vivasanint.com/
Black & White,+7 (996) 503-28-53,Магазины одежды,https://vk.link/club47419406
Lambre,+7 (902) 286-41-14,Дистрибьюторы косметики,https://lambre.ru/
Экзотика Paradise,+7 (921) 720-03-78,Магазины парфюмерии и косметики,[]
Faberlic,+7 (911) 673-95-71,Магазины парфюмерии и косметики,https://faberlic.com/
Эконом,+7 (911) 594-23-00,Магазины хозтоваров,[]
СК-Трейд,+7 (921) 493-60-46,Дистрибьюторы косметики,http://sk-trade.ru/
Овсянка Shop,+7 (953) 930-71-77,Магазины парфюмерии и косметики,[]
Здоровье и красота,+7 (909) 552-96-88,Магазины парфюмерии и косметики,https://raduga-zdorovia.ru/
Neoprofi,+7 (911) 596-38-80,Магазины парфюмерии и косметики,http://neoprofi29.ru/
Товары для Здоровья и Красоты,+7 (909) 552-96-88,Фитопродукция,https://raduga-zdorovia.ru/
Час Пик,+7 (953) 930-66-30,Чулки и колготки,[]
Здоровье и красота,+7 (909) 552-96-88,Товары для здоровья,https://raduga-zdorovia.ru/
Faberlic,+7 (960) 003-20-41,Дистрибьюторы косметики,https://faberlic.com/
Mary Kay,+7 (909) 556-01-41,Дистрибьюторы косметики,[]
2moro,+7 (965) 733-37-47,Языковые курсы,[]
Переводка,+7 (950) 253-60-02,Печать на ткани,[]
Твой формат,+7 (962) 664-84-84,Пункты выдачи,https://transfacer.ru/
Implant Grade,+7 (909) 550-27-39,Пирсинг-салоны,[]
Екатерина Карелина,+7 (911) 066-90-20,Пирсинг-салоны,https://piercing-v-arhangelske.clients.site/
Мама против,+7 (902) 286-25-33,Тату-салоны,[]
Касада,+7 (906) 280-50-50,Косметология,https://kasada.ru/
Сторис,+7 (981) 550-61-47,Организация мероприятий,http://stories-event.org/
Студия событий PR,+7 (902) 286-17-33,Организация мероприятий,[]
Фабрика,+7 (921) 242-54-56,Фотостудии,https://фабрика29.рф/
Лабиринт,+7 (952) 250-19-77,Детские праздники,[]
Нео29,+7 (953) 939-60-96,Товары для праздника,https://neo29.com/
Пространство Счастья,+7 (995) 107-03-05,Детские праздники,[]
Тяпа-Ляпа,+7 (902) 193-31-99,Детские праздники,[]
Агентство праздников,+7 (911) 564-94-04,Организация мероприятий,[]
Фабрика чудес,+7 (911) 568-39-30,Организация мероприятий,[]
Карамель,+7 (902) 286-01-70,Организация мероприятий,[]
La Belle Decor 29,+7 (909) 552-90-00,Организация мероприятий,[]
По Детских Праздников,+7 (953) 930-08-68,Организация мероприятий,[]
Элита,+7 (911) 554-23-42,Организация мероприятий,[]
Деревня Деда Мороза,+7 (950) 256-21-21,Резиденции Деда Мороза,[]
Мозгобойня,+7 (902) 191-82-29,Организация мероприятий,https://rudagames.com/
Frolova_event,+7 (950) 258-66-74,Организация мероприятий,https://frolovaevent.ru/
Студия детских праздников Колокольчик и Ко,+7 (995) 107-03-05,Детские праздники,https://vk.link/kolokolchiko29
Кулинарная студия Надежды Поморской,+7 (906) 283-64-41,Клубы досуга,[]
Подари поступок,+7 (953) 934-39-14,Организация мероприятий,[]
Little & Big,+7 (996) 503-31-71,Организация мероприятий,[]
Точка Роста,+7 (993) 193-02-02,Маркетинг,[]
Мозгобойня в Архангельске,+7 (902) 191-82-29,Организация мероприятий,https://rudagames.com/arhangelsk
Happy Rooms,+7 (902) 700-32-32,Аренда площадок для культурно-массовых мероприятий,[]
Дом Сервис,+7 (902) 195-54-05,Ремонт бытовой техники,[]
Жара,+7 (911) 570-01-73,Сауны,https://vipsauna-zhara.ru/?utm_source=yandex_maps
НордВиль,+7 (911) 594-44-50,Развлекательные центры,https://nordville.ru/
Шоу-Хэллоу,+7 (922) 173-24-79,Развлекательные центры,https://show-hello.com/arh_studiya#rec637202858
Титан Арена,+7 (981) 551-39-79,Торговые центры,http://titanarena.ru/
Family Room,+7 (965) 734-26-28,Торговые центры,https://arh-family-room.ru/
Леоград,8 (804) 700-72-20,Развлекательные центры,https://leo-grad.ru/
Игроленд,+7 (960) 006-64-53,Развлекательные центры,[]
Лёд 29,+7 (921) 074-02-75,Катки,http://titanarena.ru/icearena/
М33,+7 (902) 198-89-75,Концертные залы,[]
Русь,+7 (911) 554-25-92,Кинотеатры,[]
Деревня Деда Мороза,+7 (950) 256-21-21,Резиденции Деда Мороза,[]
Вертикаль,+7 (921) 080-85-19,Торговые центры,[]
Архангельский пряник,+7 (952) 303-70-30,Музеи,http://www.arhpryanik.ru/
Торгово-развлекательный комплекс на Никитова,+7 (964) 292-10-53,Торговые центры,[]
Корона,+7 (960) 017-26-12,Торговые центры,[]
Понарошку,+7 (911) 559-26-19,Театры,[]
Усадебный дом Е. К. Плотниковой,+7 (921) 083-65-25,Музеи,http://arhmuseum.ru/museums/view/2
Особняк на Набережной,+7 (921) 083-65-25,Музеи,http://arhmuseum.ru/
Cheesy,+7 (911) 594-79-79,Рестораны,https://cheesy.rest/
БрауМастер,+7 (911) 598-55-35,Рестораны,https://braumeister.pro/kabinet
Ялта,+7 (911) 594-43-55,Рестораны,http://yalta29.ru/
Столица Поморья,+7 (900) 915-55-44,Рестораны,[]
БГ,+7 (931) 402-40-04,Кафе,[]
Старый город,+7 (911) 594-04-55,Рестораны,https://restoran29.ru/
Армения,+7 (909) 556-06-66,Рестораны,[]
Санта Паста,+7 (921) 677-67-67,Кафе,[]
Рестопорт,+7 (921) 070-45-72,Рестораны,[]
Восточный квартал,+7 (921) 670-88-71,Рестораны,[]
Территория Еды,+7 (921) 243-17-17,"Бары, пабы",[]
Jam!,+7 (996) 468-21-40,Рестораны,[]
Казацкая слобода,+7 (921) 242-53-59,Кафе,[]
Старфудс,+7 (900) 911-13-78,Быстрое питание,http://старфудс.рф/
Шоколадница,+7 (991) 470-70-04,Рестораны,https://shoko.ru/
Арарат,+7 (911) 594-05-15,Кафе,[]
Лаззат,+7 (911) 685-96-26,Рестораны,[]
Гала,+7 (953) 931-91-39,Рестораны,[]
Мангал,+7 (911) 058-18-75,Кафе,[]
Старфудс,+7 (952) 251-20-61,Быстрое питание,http://старфудс.рф/
Старфудс,+7 (965) 730-92-44,Быстрое питание,http://старфудс.рф/
Старфудс,+7 (960) 007-03-44,Быстрое питание,http://старфудс.рф/
Старфудс,+7 (953) 930-84-80,Быстрое питание,https://старфудс.рф/
Грядка,+7 (952) 259-59-25,Быстрое питание,https://gryadka-family.ru/
Карас Шаурма,+7 (902) 704-05-06,Доставка еды,[]
Золотой сад,+7 (911) 594-07-07,Рестораны,[]
Улов,+7 (921) 071-57-99,Товары для рыбалки,https://ulov-sever.ru/
Фишка,+7 (911) 553-06-76,Товары для рыбалки,http://fishka29.ru/
Рыбак,+7 (902) 701-51-27,Товары для рыбалки,http://ribak-29.ru/
Рыбачок,8 (804) 333-84-00,Товары для рыбалки,https://lovisnami.ru/
Хороший клёв,+7 (960) 009-67-22,Товары для рыбалки,[]
Рыбацкое подворье,+7 (960) 012-46-97,Товары для рыбалки,http://www.рыбалка29.рф/
Рыбалка,+7 (931) 408-58-88,Товары для отдыха,[]
Океан,+7 (911) 554-41-42,Рыбы и морепродукты,[]
Sailor Studio,+7 (965) 732-03-29,Салоны красоты,https://salonsailor.ru/
Pudra,+7 (964) 296-74-25,Салоны красоты,[]
Божоле,+7 (950) 250-27-66,Салоны красоты,[]
Бенигнум,+7 (921) 243-30-09,Салоны красоты,[]
You Beauty,+7 (964) 294-90-00,Салоны красоты,https://youbeauty29.ru/
Nude,+7 (902) 700-33-27,Салоны красоты,[]
Ажур,+7 (902) 504-67-67,Салоны красоты,[]
Малахит,+7 (960) 003-70-03,Салоны красоты,https://studiya-malahit.clients.site/
Garden,+7 (911) 573-74-55,Салоны красоты,[]
Corset,+7 (950) 963-86-42,Салоны красоты,[]
Римские каникулы,+7 (911) 554-00-90,Спа-салоны,http://римские-каникулы29.рф/
Пока,+7 (911) 057-01-97,Салоны красоты,https://pokastudio.bitrix24site.ru/
Color Bar,+7 (953) 267-78-88,Салоны красоты,[]
"Салон красоты, Creative look",+7 (902) 286-60-47,Салоны красоты,http://creativelook29.ru/
Estetica,+7 (964) 293-31-31,Салоны красоты,https://dikidi.net/595229
Авантаж,+7 (911) 594-52-22,Салоны красоты,[]
Instyle beauty zone,+7 (911) 565-02-04,Салоны красоты,[]
Berrynails,+7 (965) 733-37-07,Ногтевые студии,https://berrynails.ru/
Lash Lab,+7 (921) 085-03-30,Салоны красоты,[]
Канотье,+7 (921) 498-86-55,Салоны красоты,[]
Angels,+7 (964) 294-78-78,Салоны красоты,[]
Прованс,+7 (921) 720-60-40,Салоны красоты,[]
Сфера,+7 (964) 292-79-97,Салоны красоты,[]
Стрекоза,+7 (921) 248-03-00,Салоны красоты,https://dikidi.net/1072738
The Glam,+7 (921) 070-83-83,Салоны красоты,[]
Алина,+7 (962) 660-60-78,Салоны красоты,[]
Латте,+7 (902) 286-88-68,Салоны красоты,http://arhgid.ru/catalog/krasota/salony-krasoty/latte
Стиль,+7 (911) 670-58-32,Салоны красоты,https://center-stil.ru/?utm_source=yandex_maps
Палема,+7 (960) 008-52-27,Парикмахерские,[]
Роза,+7 (952) 254-60-75,Салоны красоты,https://roza-1666869991.clients.site/
Баско Порато,+7 (981) 550-72-50,Салоны красоты,http://porato-basco.ru/
Sedalina studio,+7 (993) 751-08-03,Салоны красоты,[]
SL Beauty,+7 (950) 661-20-53,Салоны красоты,[]
La Vanda,+7 (960) 002-85-77,Салоны красоты,[]
Анаит,+7 (911) 582-19-60,Салоны красоты,[]
Комильфо,+7 (902) 190-52-22,Салоны красоты,[]
Ми-Эль,+7 (921) 676-94-96,Салоны красоты,[]
Easy Slip,+7 (960) 007-47-47,"Эпиляция, депиляция",https://easyslip.ru/arh/?utm_medium=card&utm_source=yandex_maps
Фея,+7 (950) 963-60-00,Салоны красоты,[]
Barbaris,+7 (909) 556-01-16,Парикмахерские,[]
Все Gladko,+7 (911) 566-96-77,Массажисты,[]
Легенда,+7 (911) 554-96-33 (доб. 449633),Парикмахерские,[]
Студия красоты волос и ресниц,+7 (921) 818-29-28,Салоны красоты,https://dikidi.net/877928
Preslife,+7 (921) 243-41-00,Салоны красоты,[]
Студия красоты Елены Корбут,+7 (962) 662-98-67,Салоны красоты,[]
Color House,+7 (960) 007-63-77,Салоны красоты,https://vk.link/color_house_29
Fresh hair,+7 (952) 254-47-66,Салоны красоты,[]
Риволи,+7 (906) 283-00-05,Салоны красоты,[]
Катрин,+7 (921) 670-01-30,Салоны красоты,[]
SeaLine,+7 (911) 596-04-52,Салоны красоты,[]
Дарина,+7 (911) 575-25-01,Салоны красоты,[]
Dabro,+7 (960) 005-01-81,Барбершопы,https://dabro.hair/arkhangelsk
Палитра,+7 (911) 688-08-31,Салоны красоты,[]
Студия Татьяны Маковецкой,+7 (911) 556-91-26,Парикмахерские,[]
Ольга Шведова,+7 (952) 304-43-92,Салоны красоты,https://vk.link/shvedova_lash
Liberty Hair,+7 (953) 934-66-37,Салоны красоты,[]
Okkistudio,+7 (963) 200-94-16,Салоны красоты,[]
Malina,+7 (953) 939-77-52,Парикмахерские,[]
SanMarino,+7 (902) 286-41-48,Солярии,[]
Am beauty zone,+7 (911) 679-03-45,Салоны красоты,https://taplink.cc/am.beautyzone
A. S. Blond,+7 (900) 913-10-00,Салоны красоты,https://asblond.taplink.ws/
La Stella,+7 (921) 470-63-53,Салоны красоты,[]
Ваш успех,+7 (902) 191-67-76,Парикмахерские,[]
Sun Shine,+7 (911) 678-69-48,Салоны красоты,[]
Uk Nail Studio,+7 (963) 200-45-59,Салоны красоты,[]
Ch,+7 (921) 480-82-09,Салоны красоты,[]
Парикмахерская,+7 (950) 259-19-95,Парикмахерские,[]
Ай'Эм,+7 (911) 594-43-34,Салоны красоты,https://ajem-salon.ru/?utm_source=yandex_maps
Студия красоты Надежды Бахеркиной,+7 (962) 659-32-24,Салоны красоты,[]
Pro beauty,+7 (999) 168-27-27,Ногтевые студии,https://dikidi.ru/186453
Molly,+7 (902) 191-14-12,Салоны красоты,[]
Green Head,+7 (964) 297-99-97,Барбершопы,https://green-head.clients.site/
Точка касания,+7 (952) 309-17-51,Массажисты,https://taplink.cc/tochka_29
Love&Beauty,+7 (902) 191-45-32,Салоны красоты,[]
Салон красоты,+7 (950) 962-00-58,Салоны красоты,[]
Cherry,+7 (952) 300-11-09,Салоны красоты,[]
Салон красоты,+7 (902) 196-94-44,Салоны красоты,[]
Floor Beauty,+7 (953) 262-70-68,Салоны красоты,[]
Аватар Брейдс,+7 (999) 168-02-65,Салоны красоты,[]
Belissimo,+7 (952) 252-69-04,Салоны красоты,[]
Beautiful,+7 (999) 168-76-77,Салоны красоты,http://dikidi.net/566567
Красотка,+7 (950) 252-78-67,Салоны красоты,[]
Preslife,+7 (921) 600-40-41,Салоны красоты,[]
Марсель&Карамель,+7 (909) 552-62-80,Парикмахерские,[]
Preslife,+7 (921) 600-40-41,Салоны красоты,[]
Fancy,+7 (900) 916-88-48,Салоны красоты,https://dikidi.net/754121?p=0.pi
Парикмахерская,+7 (960) 008-75-56,Парикмахерские,http://dikidi.net/709937
Bio profi,+7 (909) 556-03-05,Солярии,[]
Имидж Лаб,+7 (902) 701-40-61,Салоны красоты,[]
Парикмахерская,+7 (921) 247-13-06,Парикмахерские,[]
Территория красоты,+7 (921) 290-35-53,Салоны красоты,[]
Barbolina,+7 (962) 661-60-06,Салоны красоты,[]
Wizard,+7 (950) 253-05-44,Парикмахерские,https://dikidi.net/1574240?p=0.pi
Гауди,+7 (911) 565-10-13,Салоны красоты,[]
Гипюр,+7 (906) 285-46-87,Салоны красоты,https://dikidi.net/183259
Ксения,+7 (952) 309-50-09,Салоны красоты,[]
Студия красоты Елены Огневой,+7 (960) 014-56-89,Салоны красоты,[]
Естественно Ольга Тюлева,+7 (911) 561-11-15,Косметология,[]
Студия наращивания волос,+7 (911) 565-44-74,Салоны красоты,[]
Афро Стиль,+7 (952) 257-94-97,Салоны красоты,[]
На Садовой 50,+7 (902) 286-63-34,Парикмахерские,[]
Elena Tuvalkina,+7 (905) 873-62-26,Салоны красоты,[]
Waleri,+7 (952) 252-92-07,Салоны красоты,[]
Апельсин,+7 (960) 002-13-59,Салоны красоты,[]
Profstudio,+7 (921) 082-82-15,Салоны красоты,[]
Прайд,+7 (911) 594-45-05,Барбершопы,[]
El studio,+7 (918) 900-69-83,Салоны красоты,[]
Студия взгляда Sysoeva_Lashess,+7 (996) 463-79-13,Салоны красоты,[]
Chikoz,+7 (964) 301-11-33,Салоны красоты,https://dikidi.net/609153
Bbh,+7 (911) 678-82-28,Салоны красоты,[]
Sakura,+7 (911) 597-70-00,Салоны красоты,[]
Beauty Time,+7 (902) 191-79-95,Ногтевые студии,[]
Elegance,+7 (902) 196-31-66,Ногтевые студии,[]
JMstudio,+7 (911) 559-15-10,Салоны красоты,[]
Мастерская красоты,+7 (960) 014-94-01,Салоны красоты,[]
Татьяна,+7 (952) 255-07-31,Ногтевые студии,[]
Прованс,+7 (953) 264-75-41,Салоны красоты,[]
Студия красоты Елизаветы Никитенко,+7 (929) 146-80-33,Салоны красоты,[]
Косметологический кабинет,+7 (921) 244-92-98,Салоны красоты,[]
Твой День,+7 (911) 656-02-06,Салоны красоты,[]
Студия Воробьёвой Кристины,+7 (981) 552-82-02,Салоны красоты,[]
Beauty Zone,+7 (953) 932-50-02,Салоны бровей и ресниц,[]
Кичигина В,+7 (960) 018-01-02,Парикмахерские,[]
Изюминка лайт,+7 (962) 664-22-02,Салоны красоты,[]
Sasha Pikaso,+7 (952) 308-25-34,Тату-салоны,[]
Wedroom,+7 (921) 249-11-01,Свадебные салоны,[]
Kukla,+7 (911) 593-03-23,Свадебные салоны,https://kuklawed.tilda.ws/
Korepina bridal,+7 (902) 504-44-04,Свадебные салоны,https://vk.link/korepina_bridal
Natalie L,+7 (952) 257-75-35,Свадебные салоны,https://nataliel.ru/
Триал-Спорт,+7 (963) 200-43-96,Спортивные магазины,https://trial-sport.ru/
Grand Sport Football,+7 (921) 294-96-94,Спортивная одежда,https://vk.link/grand_sport_football
ПоморСки,+7 (996) 921-28-72,Спортивное питание,[]
Лыжная лавка,+7 (921) 600-88-77,Спортинвентарь,[]
К29,+7 (993) 894-08-64,Спортивная одежда,[]
ПоморСки,+7 (996) 921-28-72,Спортивная одежда,[]
Высшая лига,+7 (921) 241-51-77,Спортивные магазины,[]
SneakerBox,+7 (906) 284-95-41,Спортивная одежда,https://sneakerbox.ru/ru?utm_campaign=mainlink&utm_medium=maps&utm_source=yandex
World Fitness Wear,+7 (996) 503-01-45,Спортивная одежда,[]
Высшая лига,+7 (921) 241-51-77,Спортинвентарь,[]
Sneaker Shop,+7 (964) 300-97-93,Спортивная одежда,[]
ИП Вердысев А. А.,+7 (911) 688-37-25,Спортинвентарь,[]
SportLand,+7 (950) 660-38-05,Спортивная одежда,[]
Scandi,+7 (991) 113-80-63,Спортивная одежда,[]
Mako,+7 (921) 475-02-03,Спортивная одежда,[]
Life Style,+7 (921) 243-18-08,Магазины головных уборов,[]
Буллит,+7 (953) 269-97-77,Спортинвентарь,[]
Эталон,+7 (906) 284-27-52,Верхняя одежда,[]
Брендовый папа,+7 (911) 594-30-40,Спортивная одежда,[]
Mark Formelle,+7 (903) 807-20-82,Магазины одежды,https://markformelle.ru/
Стройматериалы,+7 (921) 245-87-70,Строительные магазины,[]
Снабженец,+7 (911) 675-31-11,Стройматериалы оптом,https://snab029.vsite.biz/
"Огонь, Вода и разные трубы",+7 (902) 700-17-18,Строительные магазины,https://www.stroidom-online.ru/catalog
Дача Стройка Дом,+7 (960) 010-14-27,Строительные магазины,[]
Степ Хаус,+7 (909) 555-64-16,Строительные магазины,https://vk.link/stroitech29
СМ-Маркет,+7 (965) 733-36-11,Строительные магазины,[]
Меркурий,+7 (911) 681-88-37,Металлоконструкции,http://www.vintoviesvai29.ru/
Геосистем,+7 (911) 586-38-61,Строительные магазины,https://geosystems.shop/
Степ Хаус,+7 (964) 293-85-20,Строительные магазины,[]
АрхПол,+7 (911) 556-69-89,Напольные покрытия,http://архполмаркет.рф/
ДревМаркет 29,+7 (963) 200-45-32,Фанера,http://древмаркет29.рф/
Кант - пиломатериалы,+7 (909) 556-06-74,Пиломатериалы,[]
Склад,+7 (911) 594-30-55,Кирпичи,https://stroymat29.ru/
Фанера,+7 (902) 198-77-55,Фанера,[]
Норская Керамика,+7 (921) 818-08-20,Стройматериалы оптом,https://www.norsk-yar.ru/
Гранд,+7 (909) 550-00-77,Заборы и ограждения,https://grand29.ru/
Строй-Снаб,+7 (921) 243-25-75,Стройматериалы оптом,[]
Архплитка,+7 (991) 114-06-85,Тротуарная плитка,http://arhplitka.ru/
Криспал,+7 (902) 286-58-67,Аренда спецтехники,http://pesok29.ru/
Северная туристическая компания,+7 (960) 007-00-00,Туроператоры,http://intarh.ru/
ТурЛиния,+7 (963) 200-42-95,Турагентства,http://turlina.ru/
Арх-Тур,+7 (962) 660-33-35,Турагентства,http://www.turizm29.ru/
Anex Tour,+7 (905) 293-03-30,Турагентства,https://anextour.ru/
Pro. Travel,+7 (921) 720-77-09,Турагентства,[]
Заботливый турагент,+7 (911) 554-07-09,Турагентства,[]
Дрим-Тур,+7 (950) 250-06-96,Турагентства,[]
Coral Travel,+7 (911) 553-68-44,Турагентства,http://cortravl.ru/
Travelata,+7 (950) 660-84-84,Турагентства,https://travelata.ru/
Атлантик трэвел,+7 (921) 479-56-59,Турагентства,[]
Sunmar,+7 (902) 286-81-88,Турагентства,http://www.sunmar.ru/
Евротур,+7 (911) 570-80-70,Турагентства,http://eurotour-arh.ru/
Coral Travel,+7 (495) 232-10-11,Турагентства,http://www.coral.ru/
Cheap travel,+7 (921) 483-16-18,Турагентства,[]
Пегас Туристик,+7 (902) 286-70-88,Турагентства,[]
Евротур,+7 (911) 570-80-70,Турагентства,http://eurotour-arh.ru/
Архтурагентство,+7 (962) 659-06-25,Турагентства,[]
Банановая Республика,+7 (960) 011-00-30,Турагентства,[]
Надосъездить,+7 (996) 468-78-34,Турагентства,[]
Турлиния,+7 (963) 200-42-95,Турагентства,http://turlina.ru/
Welt,+7 (909) 552-46-61,Турагентства,[]
Мега-Тур,+7 (911) 554-23-60,Турагентства,[]
Пилигрим,+7 (960) 007-35-04,Турагентства,[]
Relax,+7 (902) 193-55-75,Турагентства,[]
Лесной Меридиан,+7 (921) 294-93-73,Турагентства,http://www.forestmeridian.ru/
Тайники Севера,+7 (902) 199-22-22,Турагентства,https://yandovaguba.ru/
Coral Travel,+7 (950) 252-56-06,Турагентства,https://www.coral.ru/
Coral Travel,+7 (953) 934-61-61,Турагентства,https://www.coral.ru/
Персона тур,+7 (911) 558-49-55,Турагентства,[]
Гранада,+7 (911) 550-47-88,Турагентства,[]
Atlas Travel,+7 (962) 663-31-38,Турагентства,[]
Sunmar,+7 (495) 775-11-50,Турагентства,https://www.sunmar.ru/
Калейдоскоп тур,+7 (921) 240-72-15,Турагентства,[]
Двина тур,+7 (900) 911-66-62,Турагентства,[]
Солнечный рай,+7 (902) 504-68-19,Турагентства,[]
Sunmar,+7 (921) 721-39-32,Турагентства,https://www.sunmar.ru/
Фреш-тур,+7 (981) 550-16-51,Турагентства,[]
Visa turistik,+7 (921) 078-46-16,Визовая помощь,https://visaturistik.ru/
Пилигрим Плюс,+7 (902) 286-88-82,Турагентства,[]
Тур-Инфо,+7 (962) 663-31-38,Ж/д билеты,http://www.tgt.ru/
Туристическое агентство,+7 (960) 000-56-99,Ж/д билеты,[]
База отдыха Чистые пруды,+7 (902) 705-33-33,"Базы, дома отдыха",[]
Weekend 29,+7 (911) 572-81-10,Турбазы,[]
Палестра,+7 (921) 249-97-07,Фитнес-клубы,https://palestrafitness.ru/
Nord Gym,+7 (931) 400-57-31,Фитнес-клубы,http://nordgym29.ru/
Разминка,+7 (911) 554-88-54,Фитнес-клубы,https://фитнес-разминка-архангельск.рф/
Salute,+7 (960) 017-60-76,Фитнес-клубы,[]
Фитнес Джаз,+7 (921) 073-81-70,Фитнес-клубы,http://arhgid.ru/world/23650/insta/
Reforma,+7 (902) 708-97-41,Фитнес-клубы,[]
Just Fit,+7 (900) 911-74-75,Фитнес-клубы,[]
Flash,+7 (911) 554-20-81,Фитнес-клубы,[]
Zanzara. Your Body,+7 (991) 114-13-16,Йога,[]
Альфа Флай,+7 (995) 601-35-52,Йога,[]
Gt,+7 (960) 011-16-65,Фитнес-клубы,[]
Созвездие,+7 (953) 938-23-84,Спорткомплексы,[]
Ledi Fitness,+7 (953) 937-05-20,Фитнес-клубы,[]
ЗдравИя,+7 (996) 921-46-54,Спортклубы,https://bodytreatment.ru/
"Раз-два, джамп!",+7 (995) 397-33-64,Фитнес-клубы,[]
Центр Экофитнеса,+7 (911) 554-00-42,Йога,[]
Третье место,+7 (906) 282-10-07,Фитнес-клубы,[]
Flash,+7 (911) 554-20-81,Фитнес-клубы,[]
Будь здоров,+7 (902) 194-31-10,Фитнес-клубы,[]
Шаг вперед,+7 (911) 877-64-34,Фитнес-клубы,[]
Bma Студия пилатеса и функционального тренинга,+7 (996) 468-31-00,Пилатес,[]
Karnaval 29.рф,+7 (902) 704-70-05,Цветы,[]
Цветочная база,+7 (953) 269-47-77,Цветы,https://flowers-baza.ru/
Karnaval 29.рф,+7 (902) 286-71-03,Цветы,[]
Цветочная база,+7 (953) 269-47-77,Цветы,https://flowers-baza.ru/
29 Роз,+7 (921) 248-10-11,Цветы,https://29roz.ru/
Цветочная база,+7 (953) 269-47-77,Цветы,https://flowers-baza.ru/
Charlotte,+7 (909) 556-04-46,Доставка цветов,http://arhflo.ru/
Букетная Лавка,+7 (963) 200-43-97,Цветы,[]
Цветочная база,+7 (953) 269-47-77,Цветы,https://flowers-baza.ru/
Гранд При,+7 (921) 249-05-59,Цветы,http://www.grand-pri.ru/
Цветочная база,+7 (953) 269-47-77,Цветы,https://flowers-baza.ru/
Букетшоп,+7 (967) 479-10-00,Цветы,https://vk.me/flowersarkhangelsk
Цветы & Шары Karnaval,+7 (902) 704-70-05,Товары для праздника,[]
Вместо слов,+7 (902) 702-58-22,Цветы,https://vmestoslov.shop/catalog
СанФло,+7 (911) 554-42-14,Цветы,[]
Karnaval 29.рф,+7 (902) 704-70-05,Цветы,[]
Цветочная база,+7 (953) 269-47-77,Цветы,https://flowers-baza.ru/
Флора Дизайн,+7 (960) 011-15-74,Цветы,[]
29 Роз,+7 (921) 248-10-11,Цветы,http://29roz.ru/
Кейсфло,+7 (902) 197-20-13,Цветы,[]
Buket Home,+7 (960) 007-75-76,Цветы,[]
Mimi Box,+7 (911) 594-91-91,Цветы,[]
Все цветочно,+7 (952) 254-47-18,Цветы,[]
Николь,+7 (981) 555-31-34,Цветы,http://arhgid.ru/catalog/service/dostavka-cvetov/nikol-obv
Камелия,+7 (960) 003-10-89,Цветы,[]
Балкон,+7 (909) 555-11-22,Цветы,[]
Blume,+7 (952) 303-83-29,Цветы,[]
FloRum29,+7 (962) 661-88-24,Доставка цветов,https://florum29.ru/
Вероника,+7 (909) 553-99-51,Цветы,[]
Камелия,+7 (902) 507-59-62,Цветы,[]
Лепесток,+7 (960) 008-17-17,Цветы,[]
Цветочная,+7 (952) 257-33-31,Цветы,[]
Чайная роза,+7 (900) 913-49-49,Цветы,[]
La Fleur,+7 (921) 245-79-95,Цветы,[]
Цветы на Выучейского,+7 (960) 015-05-33,Цветы,[]
Первый цветочный супермаркет,+7 (921) 248-35-55,Цветы,[]
E-flo,+7 (931) 415-59-35,Доставка цветов,[]
Flo Express,+7 (900) 913-49-49,Доставка цветов,[]
Орхидея,+7 (921) 721-01-15,Цветы,[]
Цветочная Дари Букет,+7 (900) 920-98-98,Цветы,[]
Фабрика,+7 (921) 242-54-56,Фотостудии,https://фабрика29.рф/
Ворона,+7 (929) 142-73-12,Фотостудии,[]
Светло,+7 (911) 585-29-29,Фотостудии,[]
Себя,+7 (953) 935-78-87,Фотостудии,[]
Братья Чистовы,+7 (911) 591-01-21,Клининг,https://cleanbros.ru/
Лавандерия,+7 (964) 298-20-65,Химчистки,http://lavanderia29.ru/
Лавандерея,+7 (906) 284-39-66,Химчистки,http://www.lavanderia29.ru/
Капля,+7 (900) 912-60-13,Химчистки,https://himchistka-kaplya-arh.ru/
Лавандерия,+7 (921) 073-98-76,Химчистки,https://www.lavanderia29.ru/
Лавандерия,+7 (964) 298-20-64,Химчистки,https://lavanderia29.ru/
Фрэш,+7 (902) 286-22-37,Химчистки,[]
Лавандерия,+7 (921) 082-54-12,Химчистки,https://lavanderia29.ru/
Лавандерия,+7 (906) 284-40-16,Химчистки,https://lavanderia29.ru/
Лавандерия,+7 (960) 010-34-37,Химчистки,http://lavanderia29.ru/
Лавандерия,+7 (960) 016-00-40,Химчистки,http://lavanderia29.ru/
По-итальянски,+7 (964) 293-63-55,Химчистки,[]
In Clean,+7 (960) 016-13-20,Клининг,[]
Аквачистка Фрэш,+7 (902) 286-22-37,Химчистки,[]
По-итальянски,+7 (921) 085-79-29,Химчистки,[]
Планета чистоты,+7 (902) 286-82-92,Клининг,[]
ЭкоДез,+7 (921) 472-50-00,Дезцентры,[]
Химчистка Лавандерия,+7 (906) 284-39-90,Химчистки,https://lavanderia29.ru/
